post_id,date,product_promoted,influencer_tier,followers,reach,likes,comments,shares,engagement_rate,year,month,day_of_week,is_weekend,week,platform
IG000000,2020-01-06,Fish Oil,macro,423078,93667,3550,188,77,0.0379,2020,1,0,0,2,instagram
IG000001,2020-01-08,BCAA,mid,94846,41562,1811,196,35,0.0436,2020,1,2,0,2,instagram
IG000002,2020-01-10,Multivitamin,micro,27478,20671,651,75,13,0.0315,2020,1,4,0,2,instagram
IG000003,2020-01-11,Vitamin C,macro,498157,93910,3567,434,87,0.038,2020,1,5,1,2,instagram
IG000004,2020-01-12,BCAA,micro,33963,20398,711,94,17,0.0349,2020,1,6,1,2,instagram
IG000005,2020-01-13,Vitamin C,macro,260551,82902,3128,446,58,0.0377,2020,1,0,0,3,instagram
IG000006,2020-01-14,Multivitamin,mid,120651,42399,1793,199,28,0.0423,2020,1,1,0,3,instagram
IG000007,2020-01-15,BCAA,macro,480674,98553,3536,405,65,0.0359,2020,1,2,0,3,instagram
IG000008,2020-01-19,BCAA,mid,136915,41881,1629,108,39,0.0389,2020,1,6,1,3,instagram
IG000009,2020-01-29,Pre-Workout,micro,39175,13432,419,44,11,0.0313,2020,1,2,0,5,instagram
IG000010,2020-01-31,Fish Oil,micro,39947,19447,694,84,18,0.0357,2020,1,4,0,5,instagram
IG000011,2020-02-01,Fish Oil,mid,196426,41978,1463,125,42,0.0349,2020,2,5,1,5,instagram
IG000012,2020-02-02,Multivitamin,micro,48347,20243,608,30,7,0.0301,2020,2,6,1,5,instagram
IG000013,2020-02-04,BCAA,macro,369991,94851,2838,362,46,0.0299,2020,2,1,0,6,instagram
IG000014,2020-02-05,Fish Oil,micro,48874,17250,780,39,17,0.0452,2020,2,2,0,6,instagram
IG000015,2020-02-09,Multivitamin,mid,60774,32713,746,96,16,0.0228,2020,2,6,1,6,instagram
IG000016,2020-02-12,Multivitamin,micro,43272,13248,437,39,7,0.033,2020,2,2,0,7,instagram
IG000017,2020-02-16,Whey Protein,mid,180680,35622,755,39,22,0.0212,2020,2,6,1,7,instagram
IG000018,2020-02-21,BCAA,micro,29355,20503,963,71,20,0.047,2020,2,4,0,8,instagram
IG000019,2020-02-23,Whey Protein,mid,199039,67835,2546,146,48,0.0375,2020,2,6,1,8,instagram
IG000020,2020-02-24,Whey Protein,mid,69144,68509,2958,332,67,0.0432,2020,2,0,0,9,instagram
IG000021,2020-02-27,Fish Oil,macro,245066,106413,4372,316,82,0.0411,2020,2,3,0,9,instagram
IG000022,2020-02-28,Fish Oil,macro,456015,73406,2996,158,70,0.0408,2020,2,4,0,9,instagram
IG000023,2020-03-01,Fish Oil,mid,151861,47772,1450,207,18,0.0304,2020,3,6,1,9,instagram
IG000024,2020-03-07,Pre-Workout,micro,20754,31286,2089,109,30,0.0668,2020,3,5,1,10,instagram
IG000025,2020-03-08,Creatina,micro,14661,32470,2162,271,50,0.0666,2020,3,6,1,10,instagram
IG000026,2020-03-10,Creatina,micro,30618,29815,2025,167,21,0.0679,2020,3,1,0,11,instagram
IG000027,2020-03-11,BCAA,micro,17332,29728,1512,173,37,0.0509,2020,3,2,0,11,instagram
IG000028,2020-03-12,BCAA,micro,23711,29352,1560,168,46,0.0532,2020,3,3,0,11,instagram
IG000029,2020-03-14,Fish Oil,micro,40495,23749,1175,74,29,0.0495,2020,3,5,1,11,instagram
IG000030,2020-03-20,Whey Protein,mid,183733,49405,2038,287,46,0.0413,2020,3,4,0,12,instagram
IG000031,2020-03-22,Fish Oil,mid,111211,48239,2244,235,55,0.0465,2020,3,6,1,12,instagram
IG000032,2020-03-24,BCAA,micro,32338,18864,836,98,16,0.0444,2020,3,1,0,13,instagram
IG000033,2020-03-25,Creatina,mid,149666,50875,1588,205,40,0.0312,2020,3,2,0,13,instagram
IG000034,2020-03-27,Fish Oil,mid,165966,62811,3176,381,33,0.0506,2020,3,4,0,13,instagram
IG000035,2020-03-30,Pre-Workout,micro,31294,19905,765,107,11,0.0385,2020,3,0,0,14,instagram
IG000036,2020-03-31,Vitamin C,mid,82527,61644,3197,178,91,0.0519,2020,3,1,0,14,instagram
IG000037,2020-04-01,Fish Oil,mid,199663,59723,3027,336,37,0.0507,2020,4,2,0,14,instagram
IG000038,2020-04-06,Vitamin C,mid,153722,34791,1085,95,32,0.0312,2020,4,0,0,15,instagram
IG000039,2020-04-09,BCAA,micro,25064,15912,445,66,5,0.028,2020,4,3,0,15,instagram
IG000040,2020-04-10,Creatina,micro,49042,20462,879,98,8,0.043,2020,4,4,0,15,instagram
IG000041,2020-04-11,Vitamin C,mid,68009,62636,2356,286,35,0.0376,2020,4,5,1,15,instagram
IG000042,2020-04-12,Multivitamin,micro,43013,22029,1261,132,18,0.0572,2020,4,6,1,15,instagram
IG000043,2020-04-20,Whey Protein,micro,15225,19562,902,109,17,0.0461,2020,4,0,0,17,instagram
IG000044,2020-04-21,BCAA,micro,30388,21155,1197,102,24,0.0566,2020,4,1,0,17,instagram
IG000045,2020-04-24,BCAA,mid,101759,41850,1465,167,29,0.035,2020,4,4,0,17,instagram
IG000046,2020-04-26,Creatina,mid,66011,36322,1051,110,16,0.029,2020,4,6,1,17,instagram
IG000047,2020-04-28,Multivitamin,mid,191155,45705,1821,172,34,0.0399,2020,4,1,0,18,instagram
IG000048,2020-05-01,Multivitamin,mid,132703,88003,5381,462,62,0.0612,2020,5,4,0,18,instagram
IG000049,2020-05-02,Vitamin C,micro,48195,26565,1407,205,29,0.053,2020,5,5,1,18,instagram
IG000050,2020-05-03,Fish Oil,macro,362265,143107,7411,929,141,0.0518,2020,5,6,1,18,instagram
IG000051,2020-05-04,Vitamin C,mid,67752,80630,5294,488,73,0.0657,2020,5,0,0,19,instagram
IG000052,2020-05-06,Multivitamin,macro,484101,157240,7719,1018,94,0.0491,2020,5,2,0,19,instagram
IG000053,2020-05-07,Multivitamin,micro,24293,28171,1830,200,44,0.065,2020,5,3,0,19,instagram
IG000054,2020-05-09,BCAA,micro,30307,10064,310,33,4,0.0309,2020,5,5,1,19,instagram
IG000055,2020-05-13,Creatina,micro,24922,12294,310,16,3,0.0252,2020,5,2,0,20,instagram
IG000056,2020-05-17,Pre-Workout,macro,327447,79643,3169,271,71,0.0398,2020,5,6,1,20,instagram
IG000057,2020-05-18,Pre-Workout,micro,45533,21299,645,33,14,0.0303,2020,5,0,0,21,instagram
IG000058,2020-05-19,Pre-Workout,micro,26602,15556,692,90,10,0.0445,2020,5,1,0,21,instagram
IG000059,2020-05-23,BCAA,micro,25982,17729,739,88,16,0.0417,2020,5,5,1,21,instagram
IG000060,2020-05-25,Vitamin C,micro,13759,16941,514,66,8,0.0304,2020,5,0,0,22,instagram
IG000061,2020-05-26,Vitamin C,micro,15334,15909,428,32,10,0.0269,2020,5,1,0,22,instagram
IG000062,2020-05-29,Creatina,micro,12778,11632,293,27,8,0.0253,2020,5,4,0,22,instagram
IG000063,2020-05-30,Whey Protein,micro,32461,13719,314,45,5,0.0229,2020,5,5,1,22,instagram
IG000064,2020-06-02,Fish Oil,macro,282409,74793,2038,244,38,0.0273,2020,6,1,0,23,instagram
IG000065,2020-06-09,Vitamin C,micro,25329,17071,499,50,13,0.0293,2020,6,1,0,24,instagram
IG000066,2020-06-10,Vitamin C,macro,431241,79185,2155,139,25,0.0272,2020,6,2,0,24,instagram
IG000067,2020-06-12,Fish Oil,micro,21365,29353,2022,285,47,0.0689,2020,6,4,0,24,instagram
IG000068,2020-06-16,Multivitamin,micro,36890,25625,1194,84,30,0.0466,2020,6,1,0,25,instagram
IG000069,2020-06-17,BCAA,mid,94883,67915,3571,418,92,0.0526,2020,6,2,0,25,instagram
IG000070,2020-06-18,Pre-Workout,macro,341243,120145,8146,1163,91,0.0678,2020,6,3,0,25,instagram
IG000071,2020-06-23,Multivitamin,micro,23088,16855,677,79,19,0.0402,2020,6,1,0,26,instagram
IG000072,2020-06-24,Fish Oil,macro,497091,113448,4017,389,46,0.0354,2020,6,2,0,26,instagram
IG000073,2020-06-25,Creatina,macro,318924,109151,5095,319,89,0.0467,2020,6,3,0,26,instagram
IG000074,2020-06-26,Whey Protein,micro,40961,19955,810,104,18,0.0406,2020,6,4,0,26,instagram
IG000075,2020-06-27,Whey Protein,mid,199456,40997,1809,150,32,0.0441,2020,6,5,1,26,instagram
IG000076,2020-07-10,Creatina,mid,81152,34542,966,64,21,0.028,2020,7,4,0,28,instagram
IG000077,2020-07-11,BCAA,mid,55648,40015,1074,94,27,0.0269,2020,7,5,1,28,instagram
IG000078,2020-07-12,Fish Oil,mid,187379,38953,1369,134,33,0.0352,2020,7,6,1,28,instagram
IG000079,2020-07-13,Creatina,micro,10791,13707,457,38,13,0.0334,2020,7,0,0,29,instagram
IG000080,2020-07-15,Pre-Workout,macro,359613,78916,2154,188,57,0.0273,2020,7,2,0,29,instagram
IG000081,2020-07-18,Whey Protein,macro,480614,60696,2213,329,42,0.0365,2020,7,5,1,29,instagram
IG000082,2020-07-19,Vitamin C,mid,125297,41114,1198,141,23,0.0291,2020,7,6,1,29,instagram
IG000083,2020-07-20,Creatina,micro,37322,16008,436,33,6,0.0273,2020,7,0,0,30,instagram
IG000084,2020-07-21,BCAA,mid,142044,32071,1091,71,23,0.034,2020,7,1,0,30,instagram
IG000085,2020-07-22,Whey Protein,micro,15452,12904,416,33,9,0.0323,2020,7,2,0,30,instagram
IG000086,2020-07-27,Pre-Workout,macro,411268,79471,3115,222,41,0.0392,2020,7,0,0,31,instagram
IG000087,2020-07-29,Vitamin C,micro,41381,20022,1012,74,24,0.0506,2020,7,2,0,31,instagram
IG000088,2020-07-30,Creatina,macro,307617,79054,3280,470,33,0.0415,2020,7,3,0,31,instagram
IG000089,2020-08-01,Pre-Workout,micro,34450,15141,348,31,5,0.023,2020,8,5,1,31,instagram
IG000090,2020-08-05,BCAA,mid,79256,32310,1025,134,28,0.0318,2020,8,2,0,32,instagram
IG000091,2020-08-08,Multivitamin,micro,42304,20464,730,76,17,0.0357,2020,8,5,1,32,instagram
IG000092,2020-08-09,BCAA,mid,104776,46517,2136,231,51,0.0459,2020,8,6,1,32,instagram
IG000093,2020-08-12,Fish Oil,micro,23922,24762,1166,164,33,0.0471,2020,8,2,0,33,instagram
IG000094,2020-08-13,Pre-Workout,micro,49645,19250,971,86,26,0.0505,2020,8,3,0,33,instagram
IG000095,2020-08-15,Multivitamin,micro,11579,23200,783,47,12,0.0338,2020,8,5,1,33,instagram
IG000096,2020-08-17,Pre-Workout,micro,18832,18906,891,99,16,0.0471,2020,8,0,0,34,instagram
IG000097,2020-08-18,Pre-Workout,macro,274628,113828,4309,641,109,0.0379,2020,8,1,0,34,instagram
IG000098,2020-08-19,Whey Protein,mid,52332,56753,2044,301,43,0.036,2020,8,2,0,34,instagram
IG000099,2020-08-21,BCAA,macro,458567,130786,5190,266,95,0.0397,2020,8,4,0,34,instagram
IG000100,2020-08-22,Vitamin C,mid,72311,50644,2722,205,69,0.0538,2020,8,5,1,34,instagram
IG000101,2020-08-23,BCAA,micro,47189,24571,981,98,20,0.04,2020,8,6,1,34,instagram
IG000102,2020-08-27,Fish Oil,micro,31375,26755,1547,94,19,0.0578,2020,8,3,0,35,instagram
IG000103,2020-08-28,Creatina,mid,153040,62022,3828,239,79,0.0617,2020,8,4,0,35,instagram
IG000104,2020-08-29,BCAA,mid,107333,80751,4081,400,93,0.0505,2020,8,5,1,35,instagram
IG000105,2020-08-30,BCAA,micro,12012,27728,1342,140,28,0.0484,2020,8,6,1,35,instagram
IG000106,2020-08-31,Vitamin C,mid,77405,72160,4711,531,128,0.0653,2020,8,0,0,36,instagram
IG000107,2020-09-01,Vitamin C,micro,22110,24988,1380,113,38,0.0553,2020,9,1,0,36,instagram
IG000108,2020-09-02,Whey Protein,macro,399234,154448,8688,628,143,0.0563,2020,9,2,0,36,instagram
IG000109,2020-09-03,Whey Protein,macro,204081,132563,6120,492,69,0.0462,2020,9,3,0,36,instagram
IG000110,2020-09-04,Multivitamin,micro,49667,16908,522,48,6,0.0309,2020,9,4,0,36,instagram
IG000111,2020-09-07,Multivitamin,mid,75910,42504,1718,117,41,0.0404,2020,9,0,0,37,instagram
IG000112,2020-09-08,Whey Protein,macro,388499,100528,3905,260,82,0.0389,2020,9,1,0,37,instagram
IG000113,2020-09-09,Whey Protein,mid,101738,45303,1837,169,49,0.0406,2020,9,2,0,37,instagram
IG000114,2020-09-10,Pre-Workout,micro,39349,14508,576,34,7,0.0397,2020,9,3,0,37,instagram
IG000115,2020-09-14,Pre-Workout,macro,415729,43390,591,46,16,0.0136,2020,9,0,0,38,instagram
IG000116,2020-09-15,Vitamin C,micro,24602,8708,174,14,3,0.02,2020,9,1,0,38,instagram
IG000117,2020-09-20,Pre-Workout,mid,58573,37572,863,47,22,0.023,2020,9,6,1,38,instagram
IG000118,2020-09-23,Creatina,mid,141611,36046,719,48,18,0.0199,2020,9,2,0,39,instagram
IG000119,2020-09-25,Whey Protein,macro,349543,69470,1995,156,31,0.0287,2020,9,4,0,39,instagram
IG000120,2020-10-01,Fish Oil,mid,198911,43511,1478,161,35,0.034,2020,10,3,0,40,instagram
IG000121,2020-10-02,Pre-Workout,micro,34722,9172,198,12,5,0.0217,2020,10,4,0,40,instagram
IG000122,2020-10-03,BCAA,macro,322925,57941,1366,189,34,0.0236,2020,10,5,1,40,instagram
IG000123,2020-10-07,Fish Oil,micro,39749,9240,179,26,4,0.0194,2020,10,2,0,41,instagram
IG000124,2020-10-08,Multivitamin,macro,487079,48458,1051,146,12,0.0217,2020,10,3,0,41,instagram
IG000125,2020-10-10,Whey Protein,micro,17724,18160,760,88,16,0.0419,2020,10,5,1,41,instagram
IG000126,2020-10-12,Vitamin C,mid,140155,52354,2035,184,47,0.0389,2020,10,0,0,42,instagram
IG000127,2020-10-13,Whey Protein,mid,128127,48373,2143,282,49,0.0443,2020,10,1,0,42,instagram
IG000128,2020-10-14,Fish Oil,micro,14669,19560,830,105,17,0.0425,2020,10,2,0,42,instagram
IG000129,2020-10-16,Fish Oil,micro,19814,15197,396,34,9,0.0261,2020,10,4,0,42,instagram
IG000130,2020-10-21,Creatina,micro,10314,11302,277,16,6,0.0246,2020,10,2,0,43,instagram
IG000131,2020-10-22,Pre-Workout,macro,398685,71920,1889,258,55,0.0263,2020,10,3,0,43,instagram
IG000132,2020-10-23,Vitamin C,micro,49704,20920,832,75,9,0.0398,2020,10,4,0,43,instagram
IG000133,2020-10-24,Fish Oil,mid,149948,67405,3574,377,36,0.053,2020,10,5,1,43,instagram
IG000134,2020-10-26,Whey Protein,micro,33897,25540,1125,105,11,0.0441,2020,10,0,0,44,instagram
IG000135,2020-10-27,Vitamin C,micro,23693,24182,1372,186,17,0.0568,2020,10,1,0,44,instagram
IG000136,2020-11-03,Vitamin C,micro,14059,16728,702,97,15,0.042,2020,11,1,0,45,instagram
IG000137,2020-11-05,Creatina,micro,10213,17452,809,78,8,0.0464,2020,11,3,0,45,instagram
IG000138,2020-11-08,Pre-Workout,mid,177198,44144,1932,170,23,0.0438,2020,11,6,1,45,instagram
IG000139,2020-11-12,BCAA,micro,46025,14697,538,41,9,0.0366,2020,11,3,0,46,instagram
IG000140,2020-11-15,Creatina,micro,11171,13694,423,54,5,0.0309,2020,11,6,1,46,instagram
IG000141,2020-11-17,Creatina,mid,141324,31410,850,118,10,0.0271,2020,11,1,0,47,instagram
IG000142,2020-11-18,Fish Oil,micro,44311,12188,255,23,2,0.0209,2020,11,2,0,47,instagram
IG000143,2020-11-21,Whey Protein,macro,376283,126903,7270,690,153,0.0573,2020,11,5,1,47,instagram
IG000144,2020-11-22,Whey Protein,micro,12838,24964,1289,114,25,0.0516,2020,11,6,1,47,instagram
IG000145,2020-11-26,BCAA,micro,33655,21491,1177,84,28,0.0548,2020,11,3,0,48,instagram
IG000146,2020-11-27,BCAA,macro,385001,108710,7212,1050,76,0.0664,2020,11,4,0,48,instagram
IG000147,2020-11-28,Multivitamin,micro,30409,22568,1216,108,33,0.0539,2020,11,5,1,48,instagram
IG000148,2020-11-30,Fish Oil,micro,42430,23680,1284,113,29,0.0542,2020,11,0,0,49,instagram
IG000149,2020-12-02,Fish Oil,macro,418018,149149,6943,400,120,0.0466,2020,12,2,0,49,instagram
IG000150,2020-12-04,Vitamin C,macro,299097,109294,4224,360,82,0.0387,2020,12,4,0,49,instagram
IG000151,2020-12-05,Fish Oil,micro,48487,21756,961,83,26,0.0442,2020,12,5,1,49,instagram
IG000152,2020-12-06,BCAA,micro,37268,16577,827,43,13,0.0499,2020,12,6,1,49,instagram
IG000153,2020-12-07,BCAA,micro,38828,17134,745,74,11,0.0435,2020,12,0,0,50,instagram
IG000154,2020-12-10,Vitamin C,macro,413224,98516,3670,466,55,0.0373,2020,12,3,0,50,instagram
IG000155,2020-12-11,Fish Oil,mid,99932,49024,1898,202,50,0.0387,2020,12,4,0,50,instagram
IG000156,2020-12-12,Whey Protein,mid,180897,52947,2398,153,30,0.0453,2020,12,5,1,50,instagram
IG000157,2020-12-13,Creatina,mid,183058,56673,2363,244,28,0.0417,2020,12,6,1,50,instagram
IG000158,2020-12-14,Fish Oil,micro,26938,22566,832,92,20,0.0369,2020,12,0,0,51,instagram
IG000159,2020-12-16,Creatina,macro,433236,93732,2958,331,82,0.0316,2020,12,2,0,51,instagram
IG000160,2020-12-17,BCAA,micro,18146,20042,881,116,13,0.044,2020,12,3,0,51,instagram
IG000161,2020-12-18,Whey Protein,micro,43769,12675,298,33,3,0.0236,2020,12,4,0,51,instagram
IG000162,2020-12-19,Vitamin C,mid,140571,45240,1609,127,40,0.0356,2020,12,5,1,51,instagram
IG000163,2020-12-20,Creatina,mid,117045,32020,1140,128,30,0.0356,2020,12,6,1,51,instagram
IG000164,2020-12-22,Whey Protein,micro,22525,13319,348,31,9,0.0262,2020,12,1,0,52,instagram
IG000165,2020-12-23,Whey Protein,macro,494547,58659,1446,170,36,0.0247,2020,12,2,0,52,instagram
IG000166,2020-12-25,Creatina,micro,33105,16633,588,64,15,0.0354,2020,12,4,0,52,instagram
IG000167,2020-12-27,Pre-Workout,mid,51330,62645,2292,295,32,0.0366,2020,12,6,1,52,instagram
IG000168,2020-12-28,Fish Oil,micro,20861,24542,1237,136,33,0.0504,2020,12,0,0,53,instagram
IG000169,2020-12-29,Pre-Workout,mid,198993,52383,1916,226,26,0.0366,2020,12,1,0,53,instagram
IG000170,2020-12-30,Fish Oil,micro,43391,18592,824,85,15,0.0443,2020,12,2,0,53,instagram
IG000171,2021-01-01,Whey Protein,micro,16747,15162,355,22,6,0.0234,2021,1,4,0,53,instagram
IG000172,2021-01-02,Multivitamin,micro,46210,15242,334,19,9,0.022,2021,1,5,1,53,instagram
IG000173,2021-01-07,Fish Oil,macro,271245,52406,1192,90,32,0.0227,2021,1,3,0,1,instagram
IG000174,2021-01-08,BCAA,micro,49317,12194,329,43,5,0.027,2021,1,4,0,1,instagram
IG000175,2021-01-09,Fish Oil,micro,35355,10973,365,24,6,0.0333,2021,1,5,1,1,instagram
IG000176,2021-01-10,Pre-Workout,micro,36920,12248,328,30,4,0.0268,2021,1,6,1,1,instagram
IG000177,2021-01-15,Fish Oil,mid,182975,43020,1047,70,11,0.0243,2021,1,4,0,2,instagram
IG000178,2021-01-16,BCAA,micro,28988,12595,461,36,11,0.0366,2021,1,5,1,2,instagram
IG000179,2021-01-18,Pre-Workout,micro,17967,16471,546,79,8,0.0331,2021,1,0,0,3,instagram
IG000180,2021-01-22,Whey Protein,micro,32269,22235,959,63,11,0.0432,2021,1,4,0,3,instagram
IG000181,2021-01-23,Multivitamin,micro,23494,23058,1071,148,27,0.0465,2021,1,5,1,3,instagram
IG000182,2021-01-24,Creatina,micro,25109,17619,673,83,19,0.0382,2021,1,6,1,3,instagram
IG000183,2021-01-25,Fish Oil,macro,357862,98589,4655,340,103,0.0472,2021,1,0,0,4,instagram
IG000184,2021-01-26,Creatina,mid,52046,47619,1828,177,29,0.0384,2021,1,1,0,4,instagram
IG000185,2021-01-27,Whey Protein,micro,21494,21419,728,53,8,0.034,2021,1,2,0,4,instagram
IG000186,2021-01-29,Multivitamin,mid,55728,76248,5362,531,79,0.0703,2021,1,4,0,4,instagram
IG000187,2021-01-30,Multivitamin,micro,27954,26876,1711,160,19,0.0637,2021,1,5,1,4,instagram
IG000188,2021-01-31,Fish Oil,mid,180434,95104,7123,440,123,0.0749,2021,1,6,1,4,instagram
IG000189,2021-02-01,Fish Oil,macro,463154,162269,11954,693,230,0.0737,2021,2,0,0,5,instagram
IG000190,2021-02-02,Creatina,mid,150921,86284,6538,415,99,0.0758,2021,2,1,0,5,instagram
IG000191,2021-02-03,Multivitamin,mid,124710,82488,4253,563,61,0.0516,2021,2,2,0,5,instagram
IG000192,2021-02-04,Pre-Workout,mid,116572,78822,4922,733,115,0.0625,2021,2,3,0,5,instagram
IG000193,2021-02-07,Pre-Workout,micro,35868,20416,804,114,10,0.0394,2021,2,6,1,5,instagram
IG000194,2021-02-08,Vitamin C,mid,161167,44889,1663,219,28,0.0371,2021,2,0,0,6,instagram
IG000195,2021-02-09,Creatina,micro,10970,15506,441,45,12,0.0285,2021,2,1,0,6,instagram
IG000196,2021-02-10,Pre-Workout,mid,187243,43770,1400,191,28,0.032,2021,2,2,0,6,instagram
IG000197,2021-02-14,Pre-Workout,micro,38848,14542,494,72,12,0.034,2021,2,6,1,6,instagram
IG000198,2021-02-17,Pre-Workout,mid,138735,37766,1384,106,15,0.0367,2021,2,2,0,7,instagram
IG000199,2021-02-18,Whey Protein,micro,49177,14361,510,74,12,0.0355,2021,2,3,0,7,instagram
IG000200,2021-02-21,BCAA,mid,185918,51893,2197,327,54,0.0423,2021,2,6,1,7,instagram
IG000201,2021-02-22,Creatina,macro,315042,106570,5621,341,141,0.0528,2021,2,0,0,8,instagram
IG000202,2021-02-23,Whey Protein,micro,32965,18939,674,73,11,0.0356,2021,2,1,0,8,instagram
IG000203,2021-02-24,Whey Protein,micro,38183,20204,941,98,21,0.0466,2021,2,2,0,8,instagram
IG000204,2021-02-26,BCAA,micro,21886,11926,393,31,5,0.033,2021,2,4,0,8,instagram
IG000205,2021-02-27,BCAA,micro,40846,17589,654,44,7,0.0372,2021,2,5,1,8,instagram
IG000206,2021-03-02,Multivitamin,micro,12739,15576,391,31,7,0.0252,2021,3,1,0,9,instagram
IG000207,2021-03-03,Pre-Workout,micro,29480,15998,444,32,11,0.0278,2021,3,2,0,9,instagram
IG000208,2021-03-09,Fish Oil,mid,94905,43387,1325,98,26,0.0306,2021,3,1,0,10,instagram
IG000209,2021-03-10,Multivitamin,micro,22488,15639,567,75,5,0.0363,2021,3,2,0,10,instagram
IG000210,2021-03-11,Vitamin C,mid,163611,32270,949,118,19,0.0294,2021,3,3,0,10,instagram
IG000211,2021-03-14,BCAA,macro,372205,76973,2755,161,35,0.0358,2021,3,6,1,10,instagram
IG000212,2021-03-19,BCAA,macro,271934,136798,8562,741,208,0.0626,2021,3,4,0,11,instagram
IG000213,2021-03-20,Multivitamin,micro,25404,34440,1758,133,51,0.0511,2021,3,5,1,11,instagram
IG000214,2021-03-21,Pre-Workout,macro,361544,145092,8681,1211,192,0.0598,2021,3,6,1,11,instagram
IG000215,2021-03-23,BCAA,micro,40469,35917,2585,324,28,0.072,2021,3,1,0,12,instagram
IG000216,2021-03-25,Multivitamin,micro,27689,25916,1476,94,40,0.057,2021,3,3,0,12,instagram
IG000217,2021-03-27,Multivitamin,macro,208018,84167,2104,146,47,0.025,2021,3,5,1,12,instagram
IG000218,2021-03-28,Multivitamin,mid,116066,44666,1578,147,20,0.0353,2021,3,6,1,12,instagram
IG000219,2021-03-31,Creatina,micro,31067,16128,438,49,9,0.0272,2021,3,2,0,13,instagram
IG000220,2021-04-02,Fish Oil,macro,314323,73210,1825,196,35,0.0249,2021,4,4,0,13,instagram
IG000221,2021-04-04,Multivitamin,micro,39983,14362,509,45,13,0.0354,2021,4,6,1,13,instagram
IG000222,2021-04-08,Multivitamin,micro,37907,15923,543,35,11,0.0341,2021,4,3,0,14,instagram
IG000223,2021-04-10,BCAA,micro,35944,21797,837,63,18,0.0384,2021,4,5,1,14,instagram
IG000224,2021-04-12,Vitamin C,micro,36235,19373,600,84,14,0.031,2021,4,0,0,15,instagram
IG000225,2021-04-13,Fish Oil,micro,45480,18576,843,102,13,0.0454,2021,4,1,0,15,instagram
IG000226,2021-04-18,BCAA,mid,128772,39336,1119,88,26,0.0285,2021,4,6,1,15,instagram
IG000227,2021-04-19,Whey Protein,macro,435420,74959,1954,118,46,0.0261,2021,4,0,0,16,instagram
IG000228,2021-04-21,Multivitamin,micro,14825,11955,356,31,3,0.0298,2021,4,2,0,16,instagram
IG000229,2021-04-23,Creatina,mid,101944,34215,1214,65,27,0.0355,2021,4,4,0,16,instagram
IG000230,2021-04-28,Creatina,micro,31925,15219,543,77,5,0.0357,2021,4,2,0,17,instagram
IG000231,2021-04-29,BCAA,micro,26288,16735,579,59,11,0.0346,2021,4,3,0,17,instagram
IG000232,2021-04-30,Creatina,micro,13825,11945,342,43,9,0.0287,2021,4,4,0,17,instagram
IG000233,2021-05-01,Fish Oil,micro,27482,10206,302,41,7,0.0297,2021,5,5,1,17,instagram
IG000234,2021-05-04,Whey Protein,macro,435242,69040,1692,94,17,0.0245,2021,5,1,0,18,instagram
IG000235,2021-05-05,Vitamin C,micro,29825,9747,273,25,7,0.028,2021,5,2,0,18,instagram
IG000236,2021-05-07,Pre-Workout,macro,443063,114921,5930,430,119,0.0516,2021,5,4,0,18,instagram
IG000237,2021-05-12,Vitamin C,mid,162438,66401,3483,272,75,0.0525,2021,5,2,0,19,instagram
IG000238,2021-05-13,Pre-Workout,mid,92411,55685,2352,159,63,0.0422,2021,5,3,0,19,instagram
IG000239,2021-05-20,Creatina,micro,12050,11470,332,39,8,0.029,2021,5,3,0,20,instagram
IG000240,2021-05-21,Fish Oil,micro,24550,22460,844,103,22,0.0376,2021,5,4,0,20,instagram
IG000241,2021-05-23,Fish Oil,micro,29922,18507,895,64,19,0.0484,2021,5,6,1,20,instagram
IG000242,2021-05-24,Multivitamin,mid,121347,60684,2100,254,60,0.0346,2021,5,0,0,21,instagram
IG000243,2021-05-26,Whey Protein,mid,136276,57077,1942,97,33,0.034,2021,5,2,0,21,instagram
IG000244,2021-05-29,Vitamin C,micro,22271,19123,1001,141,11,0.0524,2021,5,5,1,21,instagram
IG000245,2021-06-01,Fish Oil,mid,108867,58462,2097,186,53,0.0359,2021,6,1,0,22,instagram
IG000246,2021-06-03,Fish Oil,micro,40941,17938,955,108,26,0.0533,2021,6,3,0,22,instagram
IG000247,2021-06-07,Vitamin C,macro,408676,104415,4064,606,68,0.0389,2021,6,0,0,23,instagram
IG000248,2021-06-08,Multivitamin,mid,57475,62649,2290,153,39,0.0366,2021,6,1,0,23,instagram
IG000249,2021-06-09,Creatina,micro,19952,18052,691,72,8,0.0383,2021,6,2,0,23,instagram
IG000250,2021-06-10,Vitamin C,micro,30256,19706,720,90,18,0.0365,2021,6,3,0,23,instagram
IG000251,2021-06-13,Whey Protein,mid,102813,51721,2555,144,38,0.0494,2021,6,6,1,23,instagram
IG000252,2021-06-15,Multivitamin,macro,348245,85975,4274,409,109,0.0497,2021,6,1,0,24,instagram
IG000253,2021-06-19,Vitamin C,micro,29066,11045,297,22,8,0.0269,2021,6,5,1,24,instagram
IG000254,2021-06-26,Fish Oil,mid,198185,40735,1359,189,33,0.0334,2021,6,5,1,25,instagram
IG000255,2021-07-01,Multivitamin,micro,42591,18390,713,36,11,0.0388,2021,7,3,0,26,instagram
IG000256,2021-07-04,Creatina,micro,27647,20093,1070,80,24,0.0533,2021,7,6,1,26,instagram
IG000257,2021-07-05,Creatina,mid,159551,62279,2989,191,86,0.048,2021,7,0,0,27,instagram
IG000258,2021-07-10,Multivitamin,macro,462351,123720,7485,627,187,0.0605,2021,7,5,1,27,instagram
IG000259,2021-07-12,BCAA,mid,111105,65965,4129,588,88,0.0626,2021,7,0,0,28,instagram
IG000260,2021-07-13,Fish Oil,micro,47332,24887,1525,172,16,0.0613,2021,7,1,0,28,instagram
IG000261,2021-07-15,Vitamin C,mid,91638,84742,5189,346,153,0.0612,2021,7,3,0,28,instagram
IG000262,2021-07-16,Vitamin C,macro,229877,117057,6121,700,122,0.0523,2021,7,4,0,28,instagram
IG000263,2021-07-18,BCAA,macro,308770,90472,3351,368,56,0.037,2021,7,6,1,28,instagram
IG000264,2021-07-21,Pre-Workout,micro,37481,17150,670,70,10,0.0391,2021,7,2,0,29,instagram
IG000265,2021-07-22,Whey Protein,micro,40072,20545,822,116,10,0.04,2021,7,3,0,29,instagram
IG000266,2021-07-25,Pre-Workout,micro,13215,26097,1390,198,29,0.0533,2021,7,6,1,29,instagram
IG000267,2021-07-26,Vitamin C,micro,46464,21399,1012,101,29,0.0473,2021,7,0,0,30,instagram
IG000268,2021-08-01,Fish Oil,micro,45278,11069,279,35,3,0.0252,2021,8,6,1,30,instagram
IG000269,2021-08-02,Multivitamin,macro,407857,45917,776,93,23,0.0169,2021,8,0,0,31,instagram
IG000270,2021-08-03,Creatina,micro,31689,9534,162,23,4,0.0171,2021,8,1,0,31,instagram
IG000271,2021-08-05,Vitamin C,macro,401262,43750,854,98,24,0.0195,2021,8,3,0,31,instagram
IG000272,2021-08-10,Whey Protein,micro,31774,10396,301,24,4,0.029,2021,8,1,0,32,instagram
IG000273,2021-08-11,BCAA,mid,178464,32438,806,81,17,0.0249,2021,8,2,0,32,instagram
IG000274,2021-08-12,Creatina,mid,134044,28790,798,67,21,0.0277,2021,8,3,0,32,instagram
IG000275,2021-08-14,BCAA,mid,70558,34843,970,51,10,0.0279,2021,8,5,1,32,instagram
IG000276,2021-08-17,BCAA,micro,21658,16300,597,61,7,0.0367,2021,8,1,0,33,instagram
IG000277,2021-08-20,BCAA,micro,35886,16874,833,47,14,0.0494,2021,8,4,0,33,instagram
IG000278,2021-08-21,Vitamin C,micro,25333,21440,873,68,23,0.0408,2021,8,5,1,33,instagram
IG000279,2021-08-22,Multivitamin,micro,29416,18465,912,124,22,0.0494,2021,8,6,1,33,instagram
IG000280,2021-08-24,Whey Protein,mid,58884,48640,2008,227,27,0.0413,2021,8,1,0,34,instagram
IG000281,2021-08-27,Creatina,micro,39124,10033,199,13,3,0.0199,2021,8,4,0,34,instagram
IG000282,2021-09-03,Creatina,macro,376755,72970,2511,282,28,0.0344,2021,9,4,0,35,instagram
IG000283,2021-09-04,Multivitamin,macro,453774,103048,3938,533,86,0.0382,2021,9,5,1,35,instagram
IG000284,2021-09-06,BCAA,mid,99055,49215,2071,148,51,0.0421,2021,9,0,0,36,instagram
IG000285,2021-09-08,Whey Protein,micro,48038,21584,958,132,22,0.0444,2021,9,2,0,36,instagram
IG000286,2021-09-09,Multivitamin,micro,28249,18462,831,121,13,0.045,2021,9,3,0,36,instagram
IG000287,2021-09-12,Multivitamin,mid,128353,48371,2290,326,63,0.0474,2021,9,6,1,36,instagram
IG000288,2021-09-13,BCAA,mid,191341,60232,3074,214,66,0.0511,2021,9,0,0,37,instagram
IG000289,2021-09-15,Creatina,micro,40595,22577,945,84,14,0.0419,2021,9,2,0,37,instagram
IG000290,2021-09-21,Multivitamin,micro,29899,19166,661,84,15,0.0345,2021,9,1,0,38,instagram
IG000291,2021-09-22,Pre-Workout,micro,11656,18997,525,45,6,0.0277,2021,9,2,0,38,instagram
IG000292,2021-09-28,Multivitamin,micro,23321,11155,307,41,8,0.0275,2021,9,1,0,39,instagram
IG000293,2021-09-30,Whey Protein,mid,124286,25767,651,64,17,0.0253,2021,9,3,0,39,instagram
IG000294,2021-10-06,Fish Oil,mid,138412,37167,912,115,19,0.0245,2021,10,2,0,40,instagram
IG000295,2021-10-08,BCAA,micro,44444,14134,443,61,8,0.0314,2021,10,4,0,40,instagram
IG000296,2021-10-09,Multivitamin,mid,114734,26117,533,61,6,0.0204,2021,10,5,1,40,instagram
IG000297,2021-10-11,Vitamin C,mid,57619,26902,557,72,7,0.0207,2021,10,0,0,41,instagram
IG000298,2021-10-13,Pre-Workout,micro,18189,11396,334,19,5,0.0294,2021,10,2,0,41,instagram
IG000299,2021-10-14,Creatina,mid,66798,36114,791,114,17,0.0219,2021,10,3,0,41,instagram
IG000300,2021-10-15,Fish Oil,micro,21475,16941,702,75,10,0.0415,2021,10,4,0,41,instagram
IG000301,2021-10-17,Multivitamin,micro,41969,23178,798,48,16,0.0344,2021,10,6,1,41,instagram
IG000302,2021-10-18,BCAA,micro,44559,16943,803,114,10,0.0474,2021,10,0,0,42,instagram
IG000303,2021-10-19,Whey Protein,micro,18216,19695,835,66,24,0.0424,2021,10,1,0,42,instagram
IG000304,2021-10-21,BCAA,micro,27748,23991,1084,89,27,0.0452,2021,10,3,0,42,instagram
IG000305,2021-10-23,Fish Oil,micro,38825,14888,460,49,8,0.0309,2021,10,5,1,42,instagram
IG000306,2021-10-29,Whey Protein,macro,389376,78993,2053,120,51,0.026,2021,10,4,0,43,instagram
IG000307,2021-11-01,Pre-Workout,micro,29350,14147,518,27,6,0.0366,2021,11,0,0,44,instagram
IG000308,2021-11-02,BCAA,macro,339621,78388,2173,206,34,0.0277,2021,11,1,0,44,instagram
IG000309,2021-11-05,Whey Protein,micro,25535,20269,793,77,12,0.0392,2021,11,4,0,44,instagram
IG000310,2021-11-09,Whey Protein,micro,49726,14832,567,44,11,0.0383,2021,11,1,0,45,instagram
IG000311,2021-11-12,Creatina,micro,25192,21484,879,131,19,0.0409,2021,11,4,0,45,instagram
IG000312,2021-11-20,Fish Oil,micro,23952,10934,384,35,5,0.0352,2021,11,5,1,46,instagram
IG000313,2021-11-21,Pre-Workout,mid,71678,36776,1263,65,16,0.0344,2021,11,6,1,46,instagram
IG000314,2021-11-22,Fish Oil,mid,176743,41907,963,68,22,0.023,2021,11,0,0,47,instagram
IG000315,2021-11-26,Fish Oil,mid,188306,28537,486,59,14,0.0171,2021,11,4,0,47,instagram
IG000316,2021-11-27,BCAA,mid,118446,30009,670,75,12,0.0223,2021,11,5,1,47,instagram
IG000317,2021-12-03,Creatina,mid,188538,36479,1078,95,31,0.0296,2021,12,4,0,48,instagram
IG000318,2021-12-05,Multivitamin,micro,14167,13046,422,61,11,0.0324,2021,12,6,1,48,instagram
IG000319,2021-12-06,Whey Protein,micro,12443,14418,505,63,7,0.0351,2021,12,0,0,49,instagram
IG000320,2021-12-07,Creatina,micro,40558,13785,382,28,5,0.0278,2021,12,1,0,49,instagram
IG000321,2021-12-14,Multivitamin,mid,117713,48347,1325,98,23,0.0274,2021,12,1,0,50,instagram
IG000322,2021-12-15,BCAA,mid,169841,41482,1672,126,40,0.0403,2021,12,2,0,50,instagram
IG000323,2021-12-19,BCAA,micro,21895,16029,655,95,16,0.0409,2021,12,6,1,50,instagram
IG000324,2021-12-22,Whey Protein,mid,96552,43378,1639,152,30,0.0378,2021,12,2,0,51,instagram
IG000325,2021-12-23,Fish Oil,macro,281790,79032,2323,144,38,0.0294,2021,12,3,0,51,instagram
IG000326,2021-12-24,Whey Protein,macro,409693,75671,3139,214,75,0.0415,2021,12,4,0,51,instagram
IG000327,2021-12-25,BCAA,micro,44030,22160,1046,80,19,0.0472,2021,12,5,1,51,instagram
IG000328,2021-12-26,Whey Protein,micro,29292,20232,686,86,14,0.0339,2021,12,6,1,51,instagram
IG000329,2021-12-29,Whey Protein,micro,44221,15312,549,51,9,0.0359,2021,12,2,0,52,instagram
IG000330,2022-01-03,Pre-Workout,micro,21080,25757,1129,139,23,0.0438,2022,1,0,0,1,instagram
IG000331,2022-01-04,BCAA,macro,463754,95180,4802,302,124,0.0505,2022,1,1,0,1,instagram
IG000332,2022-01-09,Multivitamin,mid,120613,31632,1033,89,17,0.0327,2022,1,6,1,1,instagram
IG000333,2022-01-10,Whey Protein,micro,27800,16919,505,44,5,0.0299,2022,1,0,0,2,instagram
IG000334,2022-01-11,BCAA,macro,286177,70643,1778,135,34,0.0252,2022,1,1,0,2,instagram
IG000335,2022-01-12,Vitamin C,macro,411113,69818,1871,173,23,0.0268,2022,1,2,0,2,instagram
IG000336,2022-01-15,Pre-Workout,mid,103812,27417,763,42,10,0.0279,2022,1,5,1,2,instagram
IG000337,2022-01-21,Vitamin C,macro,448174,105569,4272,394,124,0.0405,2022,1,4,0,3,instagram
IG000338,2022-01-22,BCAA,mid,61745,51941,1588,81,36,0.0306,2022,1,5,1,3,instagram
IG000339,2022-01-23,Multivitamin,mid,138092,56810,2056,207,53,0.0362,2022,1,6,1,3,instagram
IG000340,2022-01-29,Whey Protein,micro,33461,13923,488,38,13,0.0351,2022,1,5,1,4,instagram
IG000341,2022-02-01,Multivitamin,mid,59665,34399,952,132,10,0.0277,2022,2,1,0,5,instagram
IG000342,2022-02-02,Whey Protein,macro,228035,90037,2315,134,65,0.0257,2022,2,2,0,5,instagram
IG000343,2022-02-05,BCAA,macro,292885,142778,6456,931,66,0.0452,2022,2,5,1,5,instagram
IG000344,2022-02-06,Multivitamin,micro,29113,23934,1199,60,15,0.0501,2022,2,6,1,5,instagram
IG000345,2022-02-07,Whey Protein,micro,38014,27514,1153,102,28,0.0419,2022,2,0,0,6,instagram
IG000346,2022-02-08,Vitamin C,micro,17661,27726,1671,102,31,0.0603,2022,2,1,0,6,instagram
IG000347,2022-02-09,Fish Oil,macro,208378,99948,5448,614,125,0.0545,2022,2,2,0,6,instagram
IG000348,2022-02-11,Multivitamin,mid,110226,57335,3144,274,35,0.0548,2022,2,4,0,6,instagram
IG000349,2022-02-13,Vitamin C,macro,366704,104776,5031,651,89,0.048,2022,2,6,1,6,instagram
IG000350,2022-02-15,Fish Oil,macro,358355,128880,5323,767,72,0.0413,2022,2,1,0,7,instagram
IG000351,2022-02-16,Creatina,mid,151154,60437,2584,381,68,0.0428,2022,2,2,0,7,instagram
IG000352,2022-02-17,Multivitamin,mid,178038,70744,3742,298,85,0.0529,2022,2,3,0,7,instagram
IG000353,2022-02-19,Multivitamin,mid,152341,28516,829,56,18,0.0291,2022,2,5,1,7,instagram
IG000354,2022-02-20,Multivitamin,mid,115062,34800,816,49,17,0.0235,2022,2,6,1,7,instagram
IG000355,2022-02-23,Multivitamin,mid,171886,35311,744,41,15,0.0211,2022,2,2,0,8,instagram
IG000356,2022-02-26,BCAA,micro,48331,13582,394,33,11,0.029,2022,2,5,1,8,instagram
IG000357,2022-03-01,Fish Oil,mid,137179,40061,1231,71,20,0.0308,2022,3,1,0,9,instagram
IG000358,2022-03-02,Creatina,mid,64206,46732,1738,95,45,0.0372,2022,3,2,0,9,instagram
IG000359,2022-03-03,Fish Oil,micro,22929,15620,418,44,10,0.0268,2022,3,3,0,9,instagram
IG000360,2022-03-04,BCAA,macro,237412,138996,10632,999,214,0.0765,2022,3,4,0,9,instagram
IG000361,2022-03-05,Pre-Workout,mid,77074,95267,6933,1015,111,0.0728,2022,3,5,1,9,instagram
IG000362,2022-03-08,BCAA,macro,282122,167300,12438,1234,336,0.0743,2022,3,1,0,10,instagram
IG000363,2022-03-10,Whey Protein,micro,25238,27318,2056,129,34,0.0753,2022,3,3,0,10,instagram
IG000364,2022-03-11,Whey Protein,micro,14030,22809,1152,166,18,0.0505,2022,3,4,0,10,instagram
IG000365,2022-03-12,Multivitamin,mid,191262,60132,2968,433,56,0.0494,2022,3,5,1,10,instagram
IG000366,2022-03-13,Pre-Workout,mid,93430,60237,3219,166,59,0.0534,2022,3,6,1,10,instagram
IG000367,2022-03-14,Multivitamin,micro,40967,19786,1050,116,23,0.0531,2022,3,0,0,11,instagram
IG000368,2022-03-16,Multivitamin,mid,132250,60242,2088,112,28,0.0347,2022,3,2,0,11,instagram
IG000369,2022-03-17,Creatina,macro,247789,117927,6456,729,121,0.0547,2022,3,3,0,11,instagram
IG000370,2022-03-21,Pre-Workout,micro,30458,25829,1338,80,30,0.0518,2022,3,0,0,12,instagram
IG000371,2022-03-24,Fish Oil,macro,397548,86210,4399,605,112,0.051,2022,3,3,0,12,instagram
IG000372,2022-03-25,Multivitamin,micro,46823,25890,1012,127,24,0.0391,2022,3,4,0,12,instagram
IG000373,2022-03-28,Fish Oil,macro,441558,109916,4817,627,106,0.0438,2022,3,0,0,13,instagram
IG000374,2022-03-30,Creatina,micro,43508,19527,1002,132,25,0.0514,2022,3,2,0,13,instagram
IG000375,2022-03-31,Pre-Workout,macro,389772,118292,6199,817,125,0.0524,2022,3,3,0,13,instagram
IG000376,2022-04-05,Whey Protein,micro,30744,21060,638,81,15,0.0303,2022,4,1,0,14,instagram
IG000377,2022-04-06,Fish Oil,macro,280863,105210,4449,415,62,0.0423,2022,4,2,0,14,instagram
IG000378,2022-04-07,Whey Protein,micro,21453,20241,910,66,19,0.045,2022,4,3,0,14,instagram
IG000379,2022-04-11,BCAA,micro,38457,9785,188,26,3,0.0192,2022,4,0,0,15,instagram
IG000380,2022-04-15,Pre-Workout,micro,26223,17955,481,64,10,0.0268,2022,4,4,0,15,instagram
IG000381,2022-04-18,BCAA,micro,48309,15651,484,41,14,0.0309,2022,4,0,0,16,instagram
IG000382,2022-04-19,Vitamin C,micro,16450,13086,534,70,12,0.0409,2022,4,1,0,16,instagram
IG000383,2022-04-22,Creatina,micro,32121,21526,1159,85,17,0.0539,2022,4,4,0,16,instagram
IG000384,2022-04-24,BCAA,micro,15774,22377,747,64,13,0.0334,2022,4,6,1,16,instagram
IG000385,2022-04-25,Pre-Workout,micro,13120,19887,762,44,12,0.0383,2022,4,0,0,17,instagram
IG000386,2022-04-26,Creatina,mid,60668,62656,2749,183,67,0.0439,2022,4,1,0,17,instagram
IG000387,2022-05-03,Vitamin C,mid,153290,46055,1311,69,18,0.0285,2022,5,1,0,18,instagram
IG000388,2022-05-04,Whey Protein,mid,147823,37309,1003,82,22,0.0269,2022,5,2,0,18,instagram
IG000389,2022-05-05,Creatina,micro,23259,13436,551,28,9,0.0411,2022,5,3,0,18,instagram
IG000390,2022-05-08,Multivitamin,macro,357166,59107,1888,252,35,0.032,2022,5,6,1,18,instagram
IG000391,2022-05-09,Pre-Workout,micro,11187,11499,313,23,3,0.0272,2022,5,0,0,19,instagram
IG000392,2022-05-13,Multivitamin,micro,23403,19460,660,69,15,0.0339,2022,5,4,0,19,instagram
IG000393,2022-05-15,Pre-Workout,macro,406896,108465,3380,502,34,0.0312,2022,5,6,1,19,instagram
IG000394,2022-05-17,BCAA,micro,20380,16887,565,34,7,0.0335,2022,5,1,0,20,instagram
IG000395,2022-05-18,Pre-Workout,macro,266663,77325,3020,422,32,0.0391,2022,5,2,0,20,instagram
IG000396,2022-05-19,Fish Oil,micro,34542,15469,621,75,16,0.0401,2022,5,3,0,20,instagram
IG000397,2022-05-20,BCAA,mid,198182,65004,3052,263,72,0.047,2022,5,4,0,20,instagram
IG000398,2022-05-21,Creatina,macro,447977,145682,8535,988,91,0.0586,2022,5,5,1,20,instagram
IG000399,2022-05-22,Whey Protein,micro,25820,20750,1033,83,14,0.0498,2022,5,6,1,20,instagram
IG000400,2022-05-23,Whey Protein,mid,106409,53953,2614,213,67,0.0485,2022,5,0,0,21,instagram
IG000401,2022-05-24,Pre-Workout,mid,198214,78392,4863,717,90,0.062,2022,5,1,0,21,instagram
IG000402,2022-05-25,Fish Oil,micro,16670,26151,1416,121,37,0.0542,2022,5,2,0,21,instagram
IG000403,2022-05-26,BCAA,micro,28703,25034,1455,196,41,0.0581,2022,5,3,0,21,instagram
IG000404,2022-05-27,Vitamin C,micro,25580,17133,466,53,9,0.0272,2022,5,4,0,21,instagram
IG000405,2022-06-03,Pre-Workout,mid,167707,36472,1135,82,29,0.0311,2022,6,4,0,22,instagram
IG000406,2022-06-05,Creatina,mid,147788,39880,1465,115,35,0.0368,2022,6,6,1,22,instagram
IG000407,2022-06-10,Vitamin C,micro,27169,19654,746,58,15,0.038,2022,6,4,0,23,instagram
IG000408,2022-06-13,Vitamin C,micro,15729,14813,625,59,15,0.0422,2022,6,0,0,24,instagram
IG000409,2022-06-16,Fish Oil,mid,180017,43542,1813,254,20,0.0416,2022,6,3,0,24,instagram
IG000410,2022-06-18,Pre-Workout,micro,37881,16381,837,50,15,0.0511,2022,6,5,1,24,instagram
IG000411,2022-06-19,Whey Protein,micro,20201,17116,694,99,14,0.0406,2022,6,6,1,24,instagram
IG000412,2022-06-21,Whey Protein,macro,450428,100268,4965,739,140,0.0495,2022,6,1,0,25,instagram
IG000413,2022-06-25,Pre-Workout,mid,123742,39388,1179,60,17,0.0299,2022,6,5,1,25,instagram
IG000414,2022-06-30,Multivitamin,micro,29623,15114,348,39,4,0.023,2022,6,3,0,26,instagram
IG000415,2022-07-04,Multivitamin,macro,391250,86521,2621,209,41,0.0303,2022,7,0,0,27,instagram
IG000416,2022-07-08,Vitamin C,mid,85794,43733,1425,151,28,0.0326,2022,7,4,0,27,instagram
IG000417,2022-07-10,Multivitamin,mid,64855,50035,2323,220,25,0.0464,2022,7,6,1,27,instagram
IG000418,2022-07-14,Pre-Workout,mid,190314,44454,1931,285,36,0.0434,2022,7,3,0,28,instagram
IG000419,2022-07-15,Creatina,mid,158792,34634,708,58,9,0.0205,2022,7,4,0,28,instagram
IG000420,2022-07-18,Multivitamin,micro,25025,10938,274,19,8,0.0251,2022,7,0,0,29,instagram
IG000421,2022-07-20,Creatina,micro,29113,12203,271,33,4,0.0223,2022,7,2,0,29,instagram
IG000422,2022-07-22,Pre-Workout,mid,79350,67535,4072,302,78,0.0603,2022,7,4,0,29,instagram
IG000423,2022-07-30,Creatina,micro,25489,15869,473,70,12,0.0299,2022,7,5,1,30,instagram
IG000424,2022-08-02,Fish Oil,micro,25083,16332,528,64,13,0.0324,2022,8,1,0,31,instagram
IG000425,2022-08-04,BCAA,mid,152726,39237,1391,92,34,0.0355,2022,8,3,0,31,instagram
IG000426,2022-08-05,Whey Protein,macro,236260,81863,2903,166,36,0.0355,2022,8,4,0,31,instagram
IG000427,2022-08-10,Creatina,micro,31253,18116,567,37,8,0.0313,2022,8,2,0,32,instagram
IG000428,2022-08-12,Whey Protein,mid,73118,46315,1973,155,35,0.0426,2022,8,4,0,32,instagram
IG000429,2022-08-14,Pre-Workout,mid,195947,63528,2367,239,33,0.0373,2022,8,6,1,32,instagram
IG000430,2022-08-17,Vitamin C,micro,27944,23818,1276,89,14,0.0536,2022,8,2,0,33,instagram
IG000431,2022-08-19,Pre-Workout,mid,70031,45493,2159,231,57,0.0475,2022,8,4,0,33,instagram
IG000432,2022-08-21,Whey Protein,mid,80888,53296,2816,351,44,0.0528,2022,8,6,1,33,instagram
IG000433,2022-08-22,Whey Protein,macro,437394,91438,3327,304,40,0.0364,2022,8,0,0,34,instagram
IG000434,2022-08-24,BCAA,mid,77398,62031,3283,355,38,0.0529,2022,8,2,0,34,instagram
IG000435,2022-08-26,Vitamin C,mid,145272,45783,1641,86,24,0.0359,2022,8,4,0,34,instagram
IG000436,2022-08-28,Fish Oil,macro,211508,73136,1843,144,37,0.0252,2022,8,6,1,34,instagram
IG000437,2022-08-29,Whey Protein,mid,131187,37302,1280,132,20,0.0343,2022,8,0,0,35,instagram
IG000438,2022-08-31,Vitamin C,micro,20799,13782,395,33,11,0.0287,2022,8,2,0,35,instagram
IG000439,2022-09-03,Multivitamin,mid,102086,36437,995,51,18,0.0273,2022,9,5,1,35,instagram
IG000440,2022-09-06,Fish Oil,mid,53133,38747,1507,154,44,0.0389,2022,9,1,0,36,instagram
IG000441,2022-09-09,Creatina,macro,300408,74758,2888,160,85,0.0386,2022,9,4,0,36,instagram
IG000442,2022-09-11,Pre-Workout,micro,27476,16244,748,89,14,0.0461,2022,9,6,1,36,instagram
IG000443,2022-09-12,Pre-Workout,macro,277199,94428,2769,191,41,0.0293,2022,9,0,0,37,instagram
IG000444,2022-09-14,BCAA,macro,341348,97431,3175,441,82,0.0326,2022,9,2,0,37,instagram
IG000445,2022-09-15,Vitamin C,micro,41760,17683,639,84,6,0.0361,2022,9,3,0,37,instagram
IG000446,2022-09-16,Pre-Workout,mid,95578,49883,1758,190,29,0.0353,2022,9,4,0,37,instagram
IG000447,2022-09-17,Whey Protein,micro,47675,22067,1122,123,11,0.0509,2022,9,5,1,37,instagram
IG000448,2022-09-18,Whey Protein,mid,157193,55617,3013,303,42,0.0542,2022,9,6,1,37,instagram
IG000449,2022-09-19,BCAA,micro,40167,23705,1171,171,23,0.0494,2022,9,0,0,38,instagram
IG000450,2022-09-21,Pre-Workout,micro,19495,21017,981,120,10,0.0467,2022,9,2,0,38,instagram
IG000451,2022-09-23,Multivitamin,micro,35659,11186,258,24,4,0.0231,2022,9,4,0,38,instagram
IG000452,2022-09-28,Pre-Workout,mid,196966,34383,1138,132,19,0.0331,2022,9,2,0,39,instagram
IG000453,2022-10-03,Multivitamin,mid,149579,38309,1121,109,18,0.0293,2022,10,0,0,40,instagram
IG000454,2022-10-11,Multivitamin,macro,273271,37864,545,36,9,0.0144,2022,10,1,0,41,instagram
IG000455,2022-10-15,Creatina,macro,369529,97816,3589,226,48,0.0367,2022,10,5,1,41,instagram
IG000456,2022-10-17,Whey Protein,macro,303259,86473,3998,360,46,0.0462,2022,10,0,0,42,instagram
IG000457,2022-10-20,Fish Oil,mid,58564,52632,2294,173,32,0.0436,2022,10,3,0,42,instagram
IG000458,2022-10-21,Vitamin C,mid,129554,58833,2405,270,59,0.0409,2022,10,4,0,42,instagram
IG000459,2022-10-22,Multivitamin,macro,452796,99995,6345,528,88,0.0635,2022,10,5,1,42,instagram
IG000460,2022-10-23,Vitamin C,mid,167027,62187,2831,380,30,0.0455,2022,10,6,1,42,instagram
IG000461,2022-10-25,Pre-Workout,micro,12055,24537,1321,138,15,0.0539,2022,10,1,0,43,instagram
IG000462,2022-10-26,Pre-Workout,mid,81005,78029,4367,321,126,0.056,2022,10,2,0,43,instagram
IG000463,2022-10-29,Fish Oil,micro,41479,10846,337,27,8,0.0311,2022,10,5,1,43,instagram
IG000464,2022-10-31,Pre-Workout,macro,384999,67768,2371,231,45,0.035,2022,10,0,0,44,instagram
IG000465,2022-11-02,Whey Protein,mid,182330,30911,868,52,12,0.0281,2022,11,2,0,44,instagram
IG000466,2022-11-03,Whey Protein,micro,24800,15375,424,46,11,0.0276,2022,11,3,0,44,instagram
IG000467,2022-11-05,Whey Protein,micro,40458,17261,623,38,10,0.0361,2022,11,5,1,44,instagram
IG000468,2022-11-06,BCAA,mid,95166,49150,1299,169,23,0.0264,2022,11,6,1,44,instagram
IG000469,2022-11-07,Pre-Workout,micro,47811,14261,380,33,9,0.0267,2022,11,0,0,45,instagram
IG000470,2022-11-08,Multivitamin,macro,328927,92339,3324,280,71,0.036,2022,11,1,0,45,instagram
IG000471,2022-11-10,Fish Oil,micro,23972,14769,480,41,5,0.0326,2022,11,3,0,45,instagram
IG000472,2022-11-11,Fish Oil,mid,92490,61979,2774,267,65,0.0448,2022,11,4,0,45,instagram
IG000473,2022-11-12,Vitamin C,micro,32349,30019,1765,121,45,0.0588,2022,11,5,1,45,instagram
IG000474,2022-11-15,Fish Oil,mid,168251,66451,3649,252,39,0.0549,2022,11,1,0,46,instagram
IG000475,2022-11-20,Creatina,macro,241452,82964,3540,222,61,0.0427,2022,11,6,1,46,instagram
IG000476,2022-11-22,Vitamin C,micro,25745,15598,560,71,11,0.0359,2022,11,1,0,47,instagram
IG000477,2022-11-24,Vitamin C,macro,271087,106403,3710,480,62,0.0349,2022,11,3,0,47,instagram
IG000478,2022-11-26,Creatina,macro,371945,112939,4700,326,93,0.0416,2022,11,5,1,47,instagram
IG000479,2022-11-27,BCAA,mid,72416,44612,2009,277,22,0.045,2022,11,6,1,47,instagram
IG000480,2022-11-28,Pre-Workout,mid,183088,43532,1653,226,30,0.038,2022,11,0,0,48,instagram
IG000481,2022-12-01,Pre-Workout,macro,249610,98638,3788,525,54,0.0384,2022,12,3,0,48,instagram
IG000482,2022-12-05,BCAA,micro,14657,19343,621,70,15,0.0321,2022,12,0,0,49,instagram
IG000483,2022-12-06,Fish Oil,mid,142630,38637,1705,130,41,0.0442,2022,12,1,0,49,instagram
IG000484,2022-12-08,Vitamin C,mid,178017,45889,1757,235,27,0.0383,2022,12,3,0,49,instagram
IG000485,2022-12-09,Pre-Workout,macro,203180,69252,2379,354,66,0.0344,2022,12,4,0,49,instagram
IG000486,2022-12-11,Pre-Workout,mid,132824,29339,777,106,15,0.0265,2022,12,6,1,49,instagram
IG000487,2022-12-13,Whey Protein,micro,35550,15881,363,52,4,0.0229,2022,12,1,0,50,instagram
IG000488,2022-12-14,BCAA,micro,12280,11731,357,47,7,0.0305,2022,12,2,0,50,instagram
IG000489,2022-12-17,Pre-Workout,micro,22226,22929,994,82,16,0.0434,2022,12,5,1,50,instagram
IG000490,2022-12-18,Multivitamin,mid,187069,46873,1570,212,20,0.0335,2022,12,6,1,50,instagram
IG000491,2022-12-19,Creatina,micro,29554,24836,848,43,16,0.0342,2022,12,0,0,51,instagram
IG000492,2022-12-21,Fish Oil,mid,86317,59713,2108,204,36,0.0353,2022,12,2,0,51,instagram
IG000493,2022-12-23,Multivitamin,macro,260933,50449,1042,107,18,0.0207,2022,12,4,0,51,instagram
IG000494,2022-12-25,BCAA,micro,48343,9551,262,33,5,0.0275,2022,12,6,1,51,instagram
IG000495,2022-12-28,Fish Oil,micro,49981,12930,301,40,7,0.0233,2022,12,2,0,52,instagram
IG000496,2022-12-30,Whey Protein,micro,31443,17731,557,80,12,0.0315,2022,12,4,0,52,instagram
IG000497,2023-01-07,Multivitamin,macro,318894,125623,6847,761,95,0.0545,2023,1,5,1,1,instagram
IG000498,2023-01-08,Pre-Workout,macro,368382,115744,4165,619,115,0.036,2023,1,6,1,1,instagram
IG000499,2023-01-09,Fish Oil,mid,78698,51017,2172,227,31,0.0426,2023,1,0,0,2,instagram
IG000500,2023-01-11,Whey Protein,macro,412729,88849,4265,463,47,0.048,2023,1,2,0,2,instagram
IG000501,2023-01-15,Whey Protein,micro,12580,10577,278,35,6,0.0263,2023,1,6,1,2,instagram
IG000502,2023-01-19,Multivitamin,micro,12929,12576,304,24,6,0.0242,2023,1,3,0,3,instagram
IG000503,2023-01-20,Vitamin C,macro,255692,104065,3940,469,81,0.0379,2023,1,4,0,3,instagram
IG000504,2023-01-21,Multivitamin,macro,240135,127991,7376,970,153,0.0576,2023,1,5,1,3,instagram
IG000505,2023-01-22,Pre-Workout,mid,142545,66802,3149,330,50,0.0471,2023,1,6,1,3,instagram
IG000506,2023-01-24,BCAA,mid,178288,57495,2725,397,57,0.0474,2023,1,1,0,4,instagram
IG000507,2023-01-26,Creatina,micro,36721,19416,790,50,21,0.0407,2023,1,3,0,4,instagram
IG000508,2023-01-27,Fish Oil,macro,321637,76939,2062,250,47,0.0268,2023,1,4,0,4,instagram
IG000509,2023-02-05,BCAA,mid,134588,61317,3456,309,92,0.0564,2023,2,6,1,5,instagram
IG000510,2023-02-06,Creatina,mid,127884,51372,2772,181,79,0.054,2023,2,0,0,6,instagram
IG000511,2023-02-07,Vitamin C,micro,31712,26376,1051,133,21,0.0399,2023,2,1,0,6,instagram
IG000512,2023-02-08,Fish Oil,micro,12551,23344,1061,147,23,0.0455,2023,2,2,0,6,instagram
IG000513,2023-02-09,BCAA,micro,42172,19993,789,63,17,0.0395,2023,2,3,0,6,instagram
IG000514,2023-02-12,Multivitamin,micro,27486,18053,685,44,14,0.0379,2023,2,6,1,6,instagram
IG000515,2023-02-16,Pre-Workout,mid,89065,37429,1464,146,25,0.0391,2023,2,3,0,7,instagram
IG000516,2023-02-18,Vitamin C,micro,35602,22938,765,107,15,0.0334,2023,2,5,1,7,instagram
IG000517,2023-02-21,Creatina,macro,329351,89731,3252,198,47,0.0363,2023,2,1,0,8,instagram
IG000518,2023-02-22,Multivitamin,mid,68866,44683,2088,275,25,0.0467,2023,2,2,0,8,instagram
IG000519,2023-02-23,Whey Protein,micro,47215,20749,765,39,15,0.0369,2023,2,3,0,8,instagram
IG000520,2023-02-28,Pre-Workout,macro,324428,82581,2082,255,39,0.0252,2023,2,1,0,9,instagram
IG000521,2023-03-03,Creatina,micro,23010,17031,434,44,5,0.0255,2023,3,4,0,9,instagram
IG000522,2023-03-05,BCAA,macro,487089,74293,2164,268,43,0.0291,2023,3,6,1,9,instagram
IG000523,2023-03-06,Fish Oil,micro,47430,13035,406,59,4,0.0312,2023,3,0,0,10,instagram
IG000524,2023-03-11,Pre-Workout,micro,46953,16181,384,37,10,0.0238,2023,3,5,1,10,instagram
IG000525,2023-03-14,Creatina,micro,38748,16209,380,44,5,0.0234,2023,3,1,0,11,instagram
IG000526,2023-03-20,Pre-Workout,micro,26482,17885,723,100,10,0.0405,2023,3,0,0,12,instagram
IG000527,2023-03-21,Multivitamin,macro,417464,86584,2524,334,46,0.0292,2023,3,1,0,12,instagram
IG000528,2023-03-22,Multivitamin,mid,79954,46586,1579,154,25,0.0339,2023,3,2,0,12,instagram
IG000529,2023-03-25,Whey Protein,micro,42515,26372,1446,151,21,0.0548,2023,3,5,1,12,instagram
IG000530,2023-03-28,Pre-Workout,micro,15050,25432,1558,89,43,0.0613,2023,3,1,0,13,instagram
IG000531,2023-03-29,Creatina,mid,162990,61993,2643,262,76,0.0426,2023,3,2,0,13,instagram
IG000532,2023-03-30,Multivitamin,micro,43469,23364,1249,124,15,0.0535,2023,3,3,0,13,instagram
IG000533,2023-04-01,Multivitamin,macro,232143,163704,11618,659,198,0.071,2023,4,5,1,13,instagram
IG000534,2023-04-04,Fish Oil,micro,47294,28408,2117,252,36,0.0745,2023,4,1,0,14,instagram
IG000535,2023-04-06,Pre-Workout,mid,71361,84492,4852,465,136,0.0574,2023,4,3,0,14,instagram
IG000536,2023-04-08,Pre-Workout,mid,159070,66434,3584,324,73,0.054,2023,4,5,1,14,instagram
IG000537,2023-04-09,Pre-Workout,micro,14257,23900,920,67,22,0.0385,2023,4,6,1,14,instagram
IG000538,2023-04-11,Multivitamin,macro,219707,109482,4142,448,96,0.0378,2023,4,1,0,15,instagram
IG000539,2023-04-16,Creatina,macro,236435,104184,3233,339,40,0.031,2023,4,6,1,15,instagram
IG000540,2023-04-18,Fish Oil,macro,280534,108269,3330,345,47,0.0308,2023,4,1,0,16,instagram
IG000541,2023-04-19,Creatina,mid,98035,48436,2212,216,62,0.0457,2023,4,2,0,16,instagram
IG000542,2023-04-21,Vitamin C,micro,30703,28466,2088,231,23,0.0734,2023,4,4,0,16,instagram
IG000543,2023-04-22,BCAA,macro,212553,151438,10428,1286,140,0.0689,2023,4,5,1,16,instagram
IG000544,2023-04-23,Whey Protein,micro,48543,29619,1809,136,38,0.0611,2023,4,6,1,16,instagram
IG000545,2023-04-27,BCAA,micro,29893,31239,1592,101,17,0.051,2023,4,3,0,17,instagram
IG000546,2023-04-28,Fish Oil,micro,24789,13862,422,61,11,0.0305,2023,4,4,0,17,instagram
IG000547,2023-05-06,Vitamin C,mid,78433,62794,2709,164,73,0.0431,2023,5,5,1,18,instagram
IG000548,2023-05-07,Multivitamin,micro,39541,17887,944,109,16,0.0528,2023,5,6,1,18,instagram
IG000549,2023-05-08,Creatina,micro,16198,21530,1151,91,19,0.0535,2023,5,0,0,19,instagram
IG000550,2023-05-10,Multivitamin,macro,406191,98417,4077,581,60,0.0414,2023,5,2,0,19,instagram
IG000551,2023-05-12,Creatina,micro,45370,10471,220,12,2,0.021,2023,5,4,0,19,instagram
IG000552,2023-05-14,Pre-Workout,macro,211524,72629,2220,121,28,0.0306,2023,5,6,1,19,instagram
IG000553,2023-05-15,Multivitamin,micro,25714,12218,320,16,5,0.0262,2023,5,0,0,20,instagram
IG000554,2023-05-18,Creatina,mid,83903,28639,575,39,13,0.0201,2023,5,3,0,20,instagram
IG000555,2023-05-20,Multivitamin,micro,38756,25649,1400,76,33,0.0546,2023,5,5,1,20,instagram
IG000556,2023-05-21,Whey Protein,micro,30953,22700,888,107,17,0.0391,2023,5,6,1,20,instagram
IG000557,2023-05-22,Vitamin C,macro,248084,113492,4662,463,123,0.0411,2023,5,0,0,21,instagram
IG000558,2023-05-24,Vitamin C,mid,56098,67548,3628,279,88,0.0537,2023,5,2,0,21,instagram
IG000559,2023-05-27,Pre-Workout,micro,20172,20473,1043,70,25,0.051,2023,5,5,1,21,instagram
IG000560,2023-05-28,Vitamin C,mid,148720,54246,2109,137,31,0.0389,2023,5,6,1,21,instagram
IG000561,2023-05-31,Multivitamin,micro,43197,22851,1207,147,12,0.0528,2023,5,2,0,22,instagram
IG000562,2023-06-03,Vitamin C,macro,309994,149073,8704,1215,165,0.0584,2023,6,5,1,22,instagram
IG000563,2023-06-04,Whey Protein,micro,19742,30823,1933,183,44,0.0627,2023,6,6,1,22,instagram
IG000564,2023-06-07,Creatina,mid,175554,94745,5970,825,66,0.063,2023,6,2,0,23,instagram
IG000565,2023-06-09,Creatina,micro,39979,23118,799,91,15,0.0346,2023,6,4,0,23,instagram
IG000566,2023-06-11,Pre-Workout,micro,15841,17900,884,49,18,0.0494,2023,6,6,1,23,instagram
IG000567,2023-06-12,BCAA,mid,123252,58413,2518,252,57,0.0431,2023,6,0,0,24,instagram
IG000568,2023-06-14,BCAA,micro,48179,19948,811,105,17,0.0407,2023,6,2,0,24,instagram
IG000569,2023-06-15,Multivitamin,mid,88469,48370,2169,144,58,0.0448,2023,6,3,0,24,instagram
IG000570,2023-06-16,Multivitamin,macro,257855,97756,4869,320,121,0.0498,2023,6,4,0,24,instagram
IG000571,2023-06-21,Multivitamin,micro,25007,20149,941,108,27,0.0467,2023,6,2,0,25,instagram
IG000572,2023-06-22,BCAA,mid,162557,71323,3068,401,34,0.043,2023,6,3,0,25,instagram
IG000573,2023-06-24,Whey Protein,micro,47664,24886,1174,156,15,0.0472,2023,6,5,1,25,instagram
IG000574,2023-06-28,Vitamin C,mid,86731,51085,2284,253,66,0.0447,2023,6,2,0,26,instagram
IG000575,2023-06-30,Fish Oil,mid,146803,53409,2864,405,83,0.0536,2023,6,4,0,26,instagram
IG000576,2023-07-01,Whey Protein,micro,20520,22668,893,84,13,0.0394,2023,7,5,1,26,instagram
IG000577,2023-07-02,Pre-Workout,micro,45205,26662,1286,182,35,0.0483,2023,7,6,1,26,instagram
IG000578,2023-07-03,Fish Oil,macro,399965,139281,7153,665,97,0.0514,2023,7,0,0,27,instagram
IG000579,2023-07-04,Multivitamin,micro,34147,24511,1295,143,34,0.0529,2023,7,1,0,27,instagram
IG000580,2023-07-07,Whey Protein,macro,279569,103783,5273,632,83,0.0508,2023,7,4,0,27,instagram
IG000581,2023-07-08,Fish Oil,micro,10412,21160,805,57,16,0.0381,2023,7,5,1,27,instagram
IG000582,2023-07-10,BCAA,mid,136675,61578,3277,195,39,0.0532,2023,7,0,0,28,instagram
IG000583,2023-07-13,Vitamin C,macro,210951,109726,4143,426,45,0.0378,2023,7,3,0,28,instagram
IG000584,2023-07-15,BCAA,macro,495181,68879,2563,182,59,0.0372,2023,7,5,1,28,instagram
IG000585,2023-07-16,Vitamin C,micro,21259,16929,697,44,10,0.0412,2023,7,6,1,28,instagram
IG000586,2023-07-17,Multivitamin,mid,182733,35469,1082,154,26,0.0305,2023,7,0,0,29,instagram
IG000587,2023-07-18,Vitamin C,mid,137689,47544,1894,253,43,0.0399,2023,7,1,0,29,instagram
IG000588,2023-07-19,Multivitamin,micro,19335,13727,390,26,5,0.0285,2023,7,2,0,29,instagram
IG000589,2023-07-20,Whey Protein,mid,110547,44602,1799,213,49,0.0403,2023,7,3,0,29,instagram
IG000590,2023-07-21,Creatina,micro,20523,13657,465,63,5,0.0341,2023,7,4,0,29,instagram
IG000591,2023-07-23,Pre-Workout,mid,139969,39183,1390,122,21,0.0355,2023,7,6,1,29,instagram
IG000592,2023-08-02,Fish Oil,micro,31979,15917,501,73,6,0.0315,2023,8,2,0,31,instagram
IG000593,2023-08-04,Pre-Workout,mid,129416,40801,1857,108,41,0.0455,2023,8,4,0,31,instagram
IG000594,2023-08-07,Fish Oil,micro,18326,19509,676,99,10,0.0347,2023,8,0,0,32,instagram
IG000595,2023-08-09,Vitamin C,micro,13785,20158,904,99,10,0.0449,2023,8,2,0,32,instagram
IG000596,2023-08-10,Multivitamin,micro,35259,19536,717,92,15,0.0367,2023,8,3,0,32,instagram
IG000597,2023-08-12,Whey Protein,mid,196903,36115,703,59,18,0.0195,2023,8,5,1,32,instagram
IG000598,2023-08-15,Fish Oil,micro,11427,11835,324,30,8,0.0274,2023,8,1,0,33,instagram
IG000599,2023-08-16,BCAA,micro,45002,11699,226,17,4,0.0194,2023,8,2,0,33,instagram
IG000600,2023-08-17,Creatina,micro,44401,12531,237,30,5,0.019,2023,8,3,0,33,instagram
IG000601,2023-08-18,Pre-Workout,micro,16842,11373,386,35,3,0.034,2023,8,4,0,33,instagram
IG000602,2023-08-27,Whey Protein,micro,36427,17517,559,41,9,0.032,2023,8,6,1,34,instagram
IG000603,2023-08-28,Pre-Workout,micro,19626,20331,635,48,12,0.0312,2023,8,0,0,35,instagram
IG000604,2023-08-29,Multivitamin,mid,90178,40197,1197,141,35,0.0298,2023,8,1,0,35,instagram
IG000605,2023-08-31,Pre-Workout,micro,28210,15804,480,55,14,0.0304,2023,8,3,0,35,instagram
IG000606,2023-09-01,Whey Protein,micro,13235,22806,876,115,16,0.0384,2023,9,4,0,35,instagram
IG000607,2023-09-02,Whey Protein,micro,45086,22225,919,74,25,0.0414,2023,9,5,1,35,instagram
IG000608,2023-09-05,Creatina,macro,429030,90343,3981,591,97,0.0441,2023,9,1,0,36,instagram
IG000609,2023-09-09,BCAA,micro,36278,22446,1059,120,21,0.0472,2023,9,5,1,36,instagram
IG000610,2023-09-10,Whey Protein,micro,38560,21471,867,66,17,0.0404,2023,9,6,1,36,instagram
IG000611,2023-09-11,Vitamin C,macro,314952,93450,4382,614,48,0.0469,2023,9,0,0,37,instagram
IG000612,2023-09-12,BCAA,mid,80182,50436,1670,239,38,0.0331,2023,9,1,0,37,instagram
IG000613,2023-09-14,Fish Oil,mid,162877,48761,1831,183,21,0.0376,2023,9,3,0,37,instagram
IG000614,2023-09-18,Pre-Workout,mid,172202,49894,1480,119,24,0.0297,2023,9,0,0,38,instagram
IG000615,2023-09-19,Whey Protein,micro,41305,18190,725,85,18,0.0399,2023,9,1,0,38,instagram
IG000616,2023-09-21,Vitamin C,micro,16570,16100,616,77,11,0.0383,2023,9,3,0,38,instagram
IG000617,2023-09-23,Fish Oil,macro,277273,110896,4956,375,65,0.0447,2023,9,5,1,38,instagram
IG000618,2023-09-24,Multivitamin,micro,16105,16529,548,46,5,0.0332,2023,9,6,1,38,instagram
IG000619,2023-09-25,BCAA,mid,150187,53023,2334,292,63,0.044,2023,9,0,0,39,instagram
IG000620,2023-09-27,Multivitamin,micro,26931,20958,813,87,16,0.0388,2023,9,2,0,39,instagram
IG000621,2023-10-01,Pre-Workout,micro,31555,26565,1470,99,43,0.0554,2023,10,6,1,39,instagram
IG000622,2023-10-03,Vitamin C,macro,255209,117046,6575,862,95,0.0562,2023,10,1,0,40,instagram
IG000623,2023-10-04,Creatina,mid,186075,82669,4506,276,120,0.0545,2023,10,2,0,40,instagram
IG000624,2023-10-05,BCAA,micro,30823,23877,1137,80,11,0.0476,2023,10,3,0,40,instagram
IG000625,2023-10-14,BCAA,mid,113710,37501,882,62,19,0.0235,2023,10,5,1,41,instagram
IG000626,2023-10-18,Fish Oil,mid,158509,34499,887,105,25,0.0257,2023,10,2,0,42,instagram
IG000627,2023-10-20,Vitamin C,micro,42859,18483,634,78,8,0.0344,2023,10,4,0,42,instagram
IG000628,2023-10-21,Fish Oil,micro,39350,20561,700,95,8,0.0341,2023,10,5,1,42,instagram
IG000629,2023-10-25,Pre-Workout,micro,49864,19946,786,61,20,0.0394,2023,10,2,0,43,instagram
IG000630,2023-10-26,Multivitamin,micro,45452,14436,499,54,7,0.0346,2023,10,3,0,43,instagram
IG000631,2023-10-27,Multivitamin,micro,22034,11725,311,44,6,0.0266,2023,10,4,0,43,instagram
IG000632,2023-10-28,Whey Protein,micro,17897,16505,422,38,6,0.0256,2023,10,5,1,43,instagram
IG000633,2023-10-29,Pre-Workout,micro,27721,16542,518,34,9,0.0314,2023,10,6,1,43,instagram
IG000634,2023-11-06,Creatina,mid,155207,43432,1453,113,28,0.0335,2023,11,0,0,45,instagram
IG000635,2023-11-08,Whey Protein,micro,43012,13667,378,22,7,0.0277,2023,11,2,0,45,instagram
IG000636,2023-11-10,Vitamin C,mid,185078,42122,1696,174,40,0.0403,2023,11,4,0,45,instagram
IG000637,2023-11-13,Whey Protein,micro,22149,19087,841,51,17,0.0441,2023,11,0,0,46,instagram
IG000638,2023-11-14,Pre-Workout,micro,28835,20158,602,43,12,0.0299,2023,11,1,0,46,instagram
IG000639,2023-11-16,Creatina,macro,496610,78214,2940,232,82,0.0376,2023,11,3,0,46,instagram
IG000640,2023-11-20,Multivitamin,micro,38577,20997,754,72,20,0.0359,2023,11,0,0,47,instagram
IG000641,2023-11-26,Whey Protein,mid,59471,32371,889,86,16,0.0275,2023,11,6,1,47,instagram
IG000642,2023-11-27,Creatina,mid,113848,37871,1134,123,31,0.0299,2023,11,0,0,48,instagram
IG000643,2023-12-02,Fish Oil,micro,31414,15507,505,50,10,0.0326,2023,12,5,1,48,instagram
IG000644,2023-12-05,Vitamin C,mid,63078,31121,951,70,23,0.0306,2023,12,1,0,49,instagram
IG000645,2023-12-08,Fish Oil,micro,44255,25272,1452,101,16,0.0575,2023,12,4,0,49,instagram
IG000646,2023-12-09,Pre-Workout,micro,36510,27758,1729,219,21,0.0623,2023,12,5,1,49,instagram
IG000647,2023-12-10,Fish Oil,macro,313436,140319,8324,609,235,0.0593,2023,12,6,1,49,instagram
IG000648,2023-12-12,BCAA,micro,23647,22753,1456,120,39,0.064,2023,12,1,0,50,instagram
IG000649,2023-12-14,Pre-Workout,macro,203780,107356,5968,394,82,0.0556,2023,12,3,0,50,instagram
IG000650,2023-12-17,Multivitamin,mid,81292,65471,2287,142,28,0.0349,2023,12,6,1,50,instagram
IG000651,2023-12-18,Fish Oil,micro,49375,19492,848,82,18,0.0435,2023,12,0,0,51,instagram
IG000652,2023-12-22,Whey Protein,micro,16304,23384,1048,108,25,0.0448,2023,12,4,0,51,instagram
IG000653,2023-12-23,BCAA,micro,33539,23318,1284,148,12,0.0551,2023,12,5,1,51,instagram
IG000654,2023-12-26,Vitamin C,mid,172594,50278,2418,356,52,0.0481,2023,12,1,0,52,instagram
IG000655,2023-12-29,Whey Protein,macro,296242,73659,2706,324,34,0.0367,2023,12,4,0,52,instagram
IG000656,2023-12-30,Whey Protein,mid,125051,42963,1607,178,42,0.0374,2023,12,5,1,52,instagram
IG000657,2024-01-02,BCAA,micro,37612,17955,716,97,19,0.0399,2024,1,1,0,1,instagram
IG000658,2024-01-05,BCAA,mid,61035,53563,2076,148,38,0.0388,2024,1,4,0,1,instagram
IG000659,2024-01-08,Fish Oil,micro,42157,21680,1022,54,29,0.0472,2024,1,0,0,2,instagram
IG000660,2024-01-10,Multivitamin,macro,384608,104301,3965,454,51,0.038,2024,1,2,0,2,instagram
IG000661,2024-01-16,Creatina,mid,139230,23552,576,70,10,0.0245,2024,1,1,0,3,instagram
IG000662,2024-01-17,Pre-Workout,micro,25284,11255,215,14,3,0.0191,2024,1,2,0,3,instagram
IG000663,2024-01-18,Fish Oil,micro,25152,11184,305,28,4,0.0273,2024,1,3,0,3,instagram
IG000664,2024-01-20,Fish Oil,micro,15589,20932,1273,189,33,0.0608,2024,1,5,1,3,instagram
IG000665,2024-01-21,Pre-Workout,micro,27813,19477,742,49,21,0.0381,2024,1,6,1,3,instagram
IG000666,2024-01-22,BCAA,micro,18325,22435,1210,97,29,0.054,2024,1,0,0,4,instagram
IG000667,2024-01-24,Pre-Workout,micro,37587,25977,1519,126,45,0.0585,2024,1,2,0,4,instagram
IG000668,2024-01-26,Pre-Workout,micro,25570,17365,849,53,9,0.0489,2024,1,4,0,4,instagram
IG000669,2024-01-29,Multivitamin,mid,91461,44961,2149,126,36,0.0478,2024,1,0,0,5,instagram
IG000670,2024-01-31,Fish Oil,mid,178618,45688,1932,268,33,0.0423,2024,1,2,0,5,instagram
IG000671,2024-02-05,Multivitamin,micro,45271,18785,846,87,15,0.0451,2024,2,0,0,6,instagram
IG000672,2024-02-08,Whey Protein,micro,28721,19162,834,99,15,0.0435,2024,2,3,0,6,instagram
IG000673,2024-02-11,Fish Oil,micro,41342,8276,145,19,2,0.0176,2024,2,6,1,6,instagram
IG000674,2024-02-14,Vitamin C,macro,263683,46412,833,80,17,0.018,2024,2,2,0,7,instagram
IG000675,2024-02-16,Fish Oil,micro,32035,18970,688,77,11,0.0363,2024,2,4,0,7,instagram
IG000676,2024-02-17,BCAA,mid,143183,49884,1712,185,24,0.0343,2024,2,5,1,7,instagram
IG000677,2024-02-20,Vitamin C,mid,188069,54743,2322,289,67,0.0424,2024,2,1,0,8,instagram
IG000678,2024-02-21,Fish Oil,micro,47582,20879,859,95,12,0.0412,2024,2,2,0,8,instagram
IG000679,2024-02-24,Multivitamin,micro,38262,16529,579,30,16,0.035,2024,2,5,1,8,instagram
IG000680,2024-02-25,Creatina,micro,48482,21532,948,103,12,0.044,2024,2,6,1,8,instagram
IG000681,2024-02-26,Whey Protein,micro,36616,23089,772,79,8,0.0335,2024,2,0,0,9,instagram
IG000682,2024-02-28,Fish Oil,micro,25623,19043,805,115,15,0.0423,2024,2,2,0,9,instagram
IG000683,2024-02-29,Pre-Workout,macro,289924,103426,4103,374,83,0.0397,2024,2,3,0,9,instagram
IG000684,2024-03-04,BCAA,mid,109913,45510,1569,144,18,0.0345,2024,3,0,0,10,instagram
IG000685,2024-03-10,Multivitamin,micro,11854,26998,1645,167,16,0.061,2024,3,6,1,10,instagram
IG000686,2024-03-11,Whey Protein,macro,465842,162173,11264,1427,207,0.0695,2024,3,0,0,11,instagram
IG000687,2024-03-12,Fish Oil,mid,84369,72647,4694,669,91,0.0646,2024,3,1,0,11,instagram
IG000688,2024-03-14,Fish Oil,micro,27385,30929,2121,266,29,0.0686,2024,3,3,0,11,instagram
IG000689,2024-03-17,Multivitamin,mid,188147,50446,2005,285,52,0.0398,2024,3,6,1,11,instagram
IG000690,2024-03-20,Fish Oil,macro,437904,87500,2972,267,55,0.034,2024,3,2,0,12,instagram
IG000691,2024-03-22,BCAA,micro,47709,19925,903,65,26,0.0453,2024,3,4,0,12,instagram
IG000692,2024-03-28,Whey Protein,macro,214931,125224,6342,845,65,0.0506,2024,3,3,0,13,instagram
IG000693,2024-03-29,Vitamin C,micro,19275,23144,1185,124,13,0.0512,2024,3,4,0,13,instagram
IG000694,2024-03-30,Pre-Workout,micro,22308,20697,952,96,15,0.046,2024,3,5,1,13,instagram
IG000695,2024-04-01,BCAA,mid,154261,64329,3220,208,50,0.0501,2024,4,0,0,14,instagram
IG000696,2024-04-03,BCAA,micro,44218,23135,978,83,27,0.0423,2024,4,2,0,14,instagram
IG000697,2024-04-04,Vitamin C,mid,109977,56342,1941,267,43,0.0345,2024,4,3,0,14,instagram
IG000698,2024-04-06,Fish Oil,mid,145855,36621,923,46,27,0.0252,2024,4,5,1,14,instagram
IG000699,2024-04-10,BCAA,mid,52957,31366,1138,107,28,0.0363,2024,4,2,0,15,instagram
IG000700,2024-04-16,BCAA,micro,46958,20397,884,91,16,0.0433,2024,4,1,0,16,instagram
IG000701,2024-04-17,BCAA,macro,448525,91090,4078,463,121,0.0448,2024,4,2,0,16,instagram
IG000702,2024-04-19,Pre-Workout,macro,226459,154880,10451,1011,263,0.0675,2024,4,4,0,16,instagram
IG000703,2024-04-20,Vitamin C,micro,34587,35425,2662,145,47,0.0752,2024,4,5,1,16,instagram
IG000704,2024-04-21,Creatina,micro,29300,26057,1474,84,19,0.0566,2024,4,6,1,16,instagram
IG000705,2024-04-26,Pre-Workout,macro,491138,94642,3876,269,57,0.041,2024,4,4,0,17,instagram
IG000706,2024-04-27,Multivitamin,mid,109264,47168,1416,158,18,0.03,2024,4,5,1,17,instagram
IG000707,2024-05-01,BCAA,macro,341952,87518,3638,190,48,0.0416,2024,5,2,0,18,instagram
IG000708,2024-05-02,Vitamin C,macro,249588,76629,2897,213,69,0.0378,2024,5,3,0,18,instagram
IG000709,2024-05-04,Pre-Workout,micro,25037,24587,1189,101,13,0.0484,2024,5,5,1,18,instagram
IG000710,2024-05-09,Pre-Workout,micro,35074,18689,748,102,15,0.04,2024,5,3,0,19,instagram
IG000711,2024-05-11,Creatina,micro,20566,16222,565,74,10,0.0348,2024,5,5,1,19,instagram
IG000712,2024-05-15,Vitamin C,macro,271268,81489,2221,254,45,0.0273,2024,5,2,0,20,instagram
IG000713,2024-05-19,BCAA,micro,25882,10832,347,48,4,0.0321,2024,5,6,1,20,instagram
IG000714,2024-05-22,Vitamin C,micro,44402,10763,273,16,4,0.0254,2024,5,2,0,21,instagram
IG000715,2024-06-01,Whey Protein,mid,102164,38895,789,117,8,0.0203,2024,6,5,1,22,instagram
IG000716,2024-06-03,Vitamin C,micro,36613,13917,357,23,5,0.0257,2024,6,0,0,23,instagram
IG000717,2024-06-07,BCAA,mid,128708,48069,2144,289,60,0.0446,2024,6,4,0,23,instagram
IG000718,2024-06-09,BCAA,macro,389161,88916,2870,368,58,0.0323,2024,6,6,1,23,instagram
IG000719,2024-06-10,BCAA,mid,90542,50014,1976,201,47,0.0395,2024,6,0,0,24,instagram
IG000720,2024-06-12,Vitamin C,macro,220487,107430,4339,565,50,0.0404,2024,6,2,0,24,instagram
IG000721,2024-06-13,BCAA,mid,106574,54700,2118,308,36,0.0387,2024,6,3,0,24,instagram
IG000722,2024-06-14,BCAA,mid,143849,56866,2730,295,52,0.048,2024,6,4,0,24,instagram
IG000723,2024-06-16,Vitamin C,micro,38063,19825,708,73,13,0.0357,2024,6,6,1,24,instagram
IG000724,2024-06-17,Pre-Workout,macro,406703,84610,3444,430,71,0.0407,2024,6,0,0,25,instagram
IG000725,2024-06-18,Pre-Workout,mid,196927,48426,2002,166,28,0.0414,2024,6,1,0,25,instagram
IG000726,2024-06-20,Whey Protein,micro,41879,15481,766,111,11,0.0495,2024,6,3,0,25,instagram
IG000727,2024-06-26,Whey Protein,micro,28685,19821,778,92,18,0.0393,2024,6,2,0,26,instagram
IG000728,2024-06-27,Multivitamin,micro,15163,26333,1325,148,35,0.0503,2024,6,3,0,26,instagram
IG000729,2024-06-28,Fish Oil,micro,49445,24430,1270,135,18,0.052,2024,6,4,0,26,instagram
IG000730,2024-06-29,Vitamin C,mid,196352,47491,2215,127,61,0.0466,2024,6,5,1,26,instagram
IG000731,2024-06-30,Pre-Workout,micro,14863,22473,1060,80,13,0.0472,2024,6,6,1,26,instagram
IG000732,2024-07-01,Fish Oil,macro,291491,116045,4889,716,88,0.0421,2024,7,0,0,27,instagram
IG000733,2024-07-03,Multivitamin,micro,17470,19955,892,89,16,0.0447,2024,7,2,0,27,instagram
IG000734,2024-07-04,Creatina,micro,31108,19491,765,81,20,0.0393,2024,7,3,0,27,instagram
IG000735,2024-07-06,BCAA,micro,10633,25233,1255,73,36,0.0498,2024,7,5,1,27,instagram
IG000736,2024-07-07,Whey Protein,micro,23397,25165,1923,203,45,0.0765,2024,7,6,1,27,instagram
IG000737,2024-07-08,Whey Protein,mid,101334,90184,4713,297,138,0.0523,2024,7,0,0,28,instagram
IG000738,2024-07-10,Vitamin C,mid,105952,73408,4552,540,64,0.062,2024,7,2,0,28,instagram
IG000739,2024-07-11,Vitamin C,micro,33972,29204,1433,165,42,0.0491,2024,7,3,0,28,instagram
IG000740,2024-07-16,BCAA,micro,34811,22040,791,42,15,0.0359,2024,7,1,0,29,instagram
IG000741,2024-07-18,Fish Oil,micro,12902,18721,886,48,11,0.0474,2024,7,3,0,29,instagram
IG000742,2024-07-20,Fish Oil,mid,124207,58809,3310,223,97,0.0563,2024,7,5,1,29,instagram
IG000743,2024-07-21,Whey Protein,micro,45038,27154,1257,64,25,0.0463,2024,7,6,1,29,instagram
IG000744,2024-07-22,Whey Protein,mid,169206,56390,2663,385,53,0.0472,2024,7,0,0,30,instagram
IG000745,2024-07-24,Pre-Workout,mid,172540,68609,3792,369,67,0.0553,2024,7,2,0,30,instagram
IG000746,2024-07-27,Pre-Workout,micro,17090,21782,984,59,11,0.0452,2024,7,5,1,30,instagram
IG000747,2024-07-28,BCAA,macro,361730,100664,4190,244,60,0.0416,2024,7,6,1,30,instagram
IG000748,2024-07-31,Fish Oil,micro,45890,17186,850,63,14,0.0495,2024,7,2,0,31,instagram
IG000749,2024-08-02,Whey Protein,mid,154032,58639,2252,235,40,0.0384,2024,8,4,0,31,instagram
IG000750,2024-08-03,Whey Protein,micro,29275,23006,919,78,14,0.04,2024,8,5,1,31,instagram
IG000751,2024-08-04,Creatina,mid,98038,64073,2783,300,83,0.0434,2024,8,6,1,31,instagram
IG000752,2024-08-05,Creatina,macro,479505,103577,3636,330,70,0.0351,2024,8,0,0,32,instagram
IG000753,2024-08-09,Pre-Workout,macro,299995,84151,2148,296,26,0.0255,2024,8,4,0,32,instagram
IG000754,2024-08-10,Pre-Workout,micro,13364,13492,364,21,9,0.027,2024,8,5,1,32,instagram
IG000755,2024-08-11,Creatina,macro,330245,58228,2133,129,63,0.0366,2024,8,6,1,32,instagram
IG000756,2024-08-12,Fish Oil,mid,170648,30467,812,86,18,0.0267,2024,8,0,0,33,instagram
IG000757,2024-08-14,Pre-Workout,micro,43439,14068,385,32,8,0.0274,2024,8,2,0,33,instagram
IG000758,2024-08-18,Pre-Workout,mid,147809,57651,2628,392,44,0.0456,2024,8,6,1,33,instagram
IG000759,2024-08-21,Creatina,mid,121215,58830,2422,256,35,0.0412,2024,8,2,0,34,instagram
IG000760,2024-08-25,Multivitamin,macro,328981,46564,970,94,14,0.0208,2024,8,6,1,34,instagram
IG000761,2024-08-30,Vitamin C,mid,179611,66766,3758,399,93,0.0563,2024,8,4,0,35,instagram
IG000762,2024-08-31,Creatina,micro,12618,35478,2475,169,71,0.0698,2024,8,5,1,35,instagram
IG000763,2024-09-02,Pre-Workout,micro,34899,24860,1194,67,12,0.048,2024,9,0,0,36,instagram
IG000764,2024-09-03,Pre-Workout,macro,463737,123153,8728,926,216,0.0709,2024,9,1,0,36,instagram
IG000765,2024-09-04,Creatina,micro,40643,25254,1826,201,26,0.0723,2024,9,2,0,36,instagram
IG000766,2024-09-05,Creatina,micro,24372,27666,1716,209,29,0.062,2024,9,3,0,36,instagram
IG000767,2024-09-06,Multivitamin,macro,226829,78588,3309,290,36,0.0421,2024,9,4,0,36,instagram
IG000768,2024-09-07,Creatina,micro,26133,18656,663,89,12,0.0356,2024,9,5,1,36,instagram
IG000769,2024-09-08,Whey Protein,macro,251829,92251,3081,224,39,0.0334,2024,9,6,1,36,instagram
IG000770,2024-09-09,Whey Protein,macro,287623,82378,2453,201,33,0.0298,2024,9,0,0,37,instagram
IG000771,2024-09-10,Multivitamin,micro,31169,14768,592,46,9,0.0401,2024,9,1,0,37,instagram
IG000772,2024-09-12,Whey Protein,micro,22371,20016,568,74,12,0.0284,2024,9,3,0,37,instagram
IG000773,2024-09-14,Multivitamin,mid,195719,67165,3998,434,77,0.0595,2024,9,5,1,37,instagram
IG000774,2024-09-15,Fish Oil,mid,146954,57371,3117,317,68,0.0543,2024,9,6,1,37,instagram
IG000775,2024-09-18,Creatina,macro,388937,140943,8517,536,254,0.0604,2024,9,2,0,38,instagram
IG000776,2024-09-19,Pre-Workout,micro,39504,24344,1203,74,15,0.0494,2024,9,3,0,38,instagram
IG000777,2024-09-21,Whey Protein,micro,33095,20093,885,123,25,0.0441,2024,9,5,1,38,instagram
IG000778,2024-09-23,Whey Protein,mid,53526,64980,2708,236,65,0.0417,2024,9,0,0,39,instagram
IG000779,2024-09-29,Whey Protein,macro,482523,94634,2770,173,49,0.0293,2024,9,6,1,39,instagram
IG000780,2024-09-30,Fish Oil,mid,73583,34635,1014,97,21,0.0293,2024,9,0,0,40,instagram
IG000781,2024-10-09,Multivitamin,macro,215405,63775,1391,190,33,0.0218,2024,10,2,0,41,instagram
IG000782,2024-10-11,Pre-Workout,micro,34487,10329,305,28,6,0.0295,2024,10,4,0,41,instagram
IG000783,2024-10-13,Multivitamin,micro,34162,10929,354,34,5,0.0324,2024,10,6,1,41,instagram
IG000784,2024-10-14,Whey Protein,mid,74493,32339,857,128,14,0.0265,2024,10,0,0,42,instagram
IG000785,2024-10-15,Whey Protein,micro,13372,14114,358,28,10,0.0254,2024,10,1,0,42,instagram
IG000786,2024-10-17,Fish Oil,micro,19949,10906,228,32,3,0.021,2024,10,3,0,42,instagram
IG000787,2024-10-18,Creatina,micro,17764,15964,464,65,13,0.0291,2024,10,4,0,42,instagram
IG000788,2024-10-20,Multivitamin,micro,47864,12309,324,19,6,0.0263,2024,10,6,1,42,instagram
IG000789,2024-10-21,Whey Protein,micro,29981,12707,336,23,5,0.0265,2024,10,0,0,43,instagram
IG000790,2024-10-22,Vitamin C,macro,417380,76305,2717,386,77,0.0356,2024,10,1,0,43,instagram
IG000791,2024-10-30,Vitamin C,macro,332448,102636,3768,549,75,0.0367,2024,10,2,0,44,instagram
IG000792,2024-10-31,Multivitamin,macro,362256,113756,5652,800,93,0.0497,2024,10,3,0,44,instagram
IG000793,2024-11-01,Multivitamin,mid,125773,77060,3900,466,101,0.0506,2024,11,4,0,44,instagram
IG000794,2024-11-05,BCAA,micro,23420,27440,1547,205,32,0.0564,2024,11,1,0,45,instagram
IG000795,2024-11-06,Pre-Workout,mid,74262,63751,3353,498,85,0.0526,2024,11,2,0,45,instagram
IG000796,2024-11-07,Fish Oil,micro,34471,28963,1862,190,49,0.0643,2024,11,3,0,45,instagram
IG000797,2024-11-08,Multivitamin,micro,27981,26579,1354,85,19,0.0509,2024,11,4,0,45,instagram
IG000798,2024-11-10,Creatina,macro,462009,125427,7017,895,122,0.056,2024,11,6,1,45,instagram
IG000799,2024-11-11,Creatina,mid,137618,62876,2598,311,56,0.0413,2024,11,0,0,46,instagram
IG000800,2024-11-12,Creatina,macro,206769,120413,5498,783,158,0.0457,2024,11,1,0,46,instagram
IG000801,2024-11-17,Multivitamin,micro,25815,18463,717,95,17,0.0388,2024,11,6,1,46,instagram
IG000802,2024-11-18,BCAA,micro,12109,18319,724,38,21,0.0395,2024,11,0,0,47,instagram
IG000803,2024-11-21,Fish Oil,macro,389425,93960,3546,298,90,0.0377,2024,11,3,0,47,instagram
IG000804,2024-11-22,Creatina,mid,57368,58729,2548,201,68,0.0434,2024,11,4,0,47,instagram
IG000805,2024-11-23,Multivitamin,macro,293311,122812,5392,383,139,0.0439,2024,11,5,1,47,instagram
IG000806,2024-11-24,Pre-Workout,micro,43742,27024,1297,74,23,0.048,2024,11,6,1,47,instagram
IG000807,2024-11-25,Fish Oil,micro,12898,18974,1102,124,15,0.0581,2024,11,0,0,48,instagram
IG000808,2024-11-26,Whey Protein,mid,168045,56180,2131,299,56,0.0379,2024,11,1,0,48,instagram
IG000809,2024-12-02,Vitamin C,micro,48117,16898,531,78,8,0.0315,2024,12,0,0,49,instagram
IG000810,2024-12-03,Creatina,micro,10574,17235,654,47,15,0.038,2024,12,1,0,49,instagram
IG000811,2024-12-05,Whey Protein,mid,93266,37430,1121,77,25,0.03,2024,12,3,0,49,instagram
IG000812,2024-12-06,Whey Protein,mid,173560,35148,1394,101,39,0.0397,2024,12,4,0,49,instagram
IG000813,2024-12-12,Whey Protein,micro,24489,15799,599,87,8,0.0379,2024,12,3,0,50,instagram
IG000814,2024-12-13,Whey Protein,micro,13191,18902,610,41,14,0.0323,2024,12,4,0,50,instagram
IG000815,2024-12-16,Vitamin C,mid,155915,39127,1305,105,19,0.0334,2024,12,0,0,51,instagram
IG000816,2024-12-18,Pre-Workout,mid,169455,51685,1484,217,34,0.0287,2024,12,2,0,51,instagram
IG000817,2024-12-19,Creatina,mid,50390,52737,1745,200,33,0.0331,2024,12,3,0,51,instagram
IG000818,2024-12-20,Pre-Workout,macro,391737,71346,1901,196,49,0.0267,2024,12,4,0,51,instagram
IG000819,2024-12-27,Creatina,macro,212049,82667,3867,405,68,0.0468,2024,12,4,0,52,instagram
IG000820,2024-12-29,Whey Protein,micro,27844,21008,742,62,18,0.0353,2024,12,6,1,52,instagram
IG000821,2024-12-31,Vitamin C,mid,94596,54048,2445,139,44,0.0452,2024,12,1,0,1,instagram
IG000822,2025-01-04,Whey Protein,micro,12289,20683,1106,71,16,0.0535,2025,1,5,1,1,instagram
IG000823,2025-01-05,Vitamin C,mid,90476,52591,2396,142,65,0.0456,2025,1,6,1,1,instagram
IG000824,2025-01-06,Whey Protein,mid,185438,65512,2377,145,63,0.0363,2025,1,0,0,2,instagram
IG000825,2025-01-07,Vitamin C,micro,38590,24745,1276,68,31,0.0516,2025,1,1,0,2,instagram
IG000826,2025-01-10,Pre-Workout,mid,114898,74958,3963,333,115,0.0529,2025,1,4,0,2,instagram
IG000827,2025-01-11,Fish Oil,micro,29941,27406,1364,143,29,0.0498,2025,1,5,1,2,instagram
IG000828,2025-01-16,Whey Protein,mid,77143,71436,4680,471,62,0.0655,2025,1,3,0,3,instagram
IG000829,2025-01-18,BCAA,micro,38649,16398,544,35,10,0.0332,2025,1,5,1,3,instagram
IG000830,2025-01-20,Multivitamin,macro,484446,72343,2691,277,64,0.0372,2025,1,0,0,4,instagram
IG000831,2025-01-22,Whey Protein,micro,27742,14656,456,61,5,0.0311,2025,1,2,0,4,instagram
IG000832,2025-01-24,Fish Oil,mid,104018,35657,691,34,15,0.0194,2025,1,4,0,4,instagram
IG000833,2025-01-26,Vitamin C,mid,95055,33597,925,89,27,0.0276,2025,1,6,1,4,instagram
IG000834,2025-01-29,Pre-Workout,mid,101533,29045,678,68,15,0.0234,2025,1,2,0,5,instagram
IG000835,2025-01-30,Creatina,micro,37393,12814,240,14,6,0.0187,2025,1,3,0,5,instagram
IG000836,2025-01-31,Creatina,mid,144896,51706,2382,284,27,0.0461,2025,1,4,0,5,instagram
IG000837,2025-02-01,Vitamin C,micro,21958,19950,750,72,15,0.0376,2025,2,5,1,5,instagram
IG000838,2025-02-06,Fish Oil,micro,15448,19134,867,50,20,0.0454,2025,2,3,0,6,instagram
IG000839,2025-02-09,Creatina,mid,97090,29629,874,97,13,0.0295,2025,2,6,1,6,instagram
IG000840,2025-02-10,Fish Oil,mid,165945,34033,789,108,9,0.0232,2025,2,0,0,7,instagram
IG000841,2025-02-15,Creatina,micro,35727,16003,483,70,14,0.0302,2025,2,5,1,7,instagram
IG000842,2025-02-19,BCAA,micro,24091,16572,687,78,9,0.0415,2025,2,2,0,8,instagram
IG000843,2025-02-20,Multivitamin,micro,47109,13933,576,82,13,0.0413,2025,2,3,0,8,instagram
IG000844,2025-02-24,Pre-Workout,micro,24124,21275,704,55,15,0.0331,2025,2,0,0,9,instagram
IG000845,2025-02-25,Whey Protein,macro,492441,80672,3124,383,38,0.0387,2025,2,1,0,9,instagram
IG000846,2025-02-27,Creatina,mid,77830,48557,1625,222,33,0.0335,2025,2,3,0,9,instagram
IG000847,2025-02-28,Creatina,micro,11685,27403,1434,203,28,0.0523,2025,2,4,0,9,instagram
IG000848,2025-03-02,Whey Protein,macro,318901,99864,5515,540,123,0.0552,2025,3,6,1,9,instagram
IG000849,2025-03-03,Creatina,mid,144524,51949,2271,268,30,0.0437,2025,3,0,0,10,instagram
IG000850,2025-03-05,Fish Oil,micro,22858,27601,1518,200,26,0.055,2025,3,2,0,10,instagram
IG000851,2025-03-06,Creatina,micro,16259,22737,1162,91,23,0.0511,2025,3,3,0,10,instagram
IG000852,2025-03-08,Whey Protein,micro,34891,16320,522,74,11,0.032,2025,3,5,1,10,instagram
IG000853,2025-03-12,Vitamin C,mid,112311,41373,1561,117,16,0.0377,2025,3,2,0,11,instagram
IG000854,2025-03-13,Fish Oil,micro,25930,18967,639,59,6,0.0337,2025,3,3,0,11,instagram
IG000855,2025-03-16,Creatina,mid,196294,38678,1189,86,17,0.0308,2025,3,6,1,11,instagram
IG000856,2025-03-17,Fish Oil,micro,13805,13152,421,32,5,0.032,2025,3,0,0,12,instagram
IG000857,2025-03-26,Fish Oil,micro,15138,17977,760,101,8,0.0423,2025,3,2,0,13,instagram
IG000858,2025-03-28,Fish Oil,mid,59080,43663,1689,238,31,0.0387,2025,3,4,0,13,instagram
