customer_id,recency,frequency,monetary,avg_order_value,total_quantity,product_diversity,segment,segment_name
1,1911,3,13757.51,4585.836666666667,426,3,1,Dormido
2,1911,4,15589.73,3897.4325,646,4,1,Dormido
3,1911,3,13490.11,4496.703333333334,436,3,1,Dormido
4,1904,3,18268.35,6089.45,441,3,1,Dormido
5,1911,4,16759.06,4189.765,605,4,1,Dormido
6,1904,3,14274.45,4758.150000000001,488,3,1,Dormido
7,1904,5,15083.47,3016.694,712,5,1,Dormido
8,1904,2,13727.35,6863.675,287,2,1,Dormido
9,1904,3,14203.11,4734.37,435,3,1,Dormido
10,1897,4,17750.0,4437.5,614,4,1,Dormido
11,1897,2,11590.53,5795.265,301,2,1,Dormido
12,1897,4,17033.75,4258.4375,571,4,1,Dormido
13,1890,6,27203.59,4533.931666666666,911,6,0,VIP
14,1897,3,13893.85,4631.283333333334,442,3,1,Dormido
15,1890,1,4415.67,4415.67,129,1,1,Dormido
16,1890,4,19286.68,4821.67,613,4,1,Dormido
17,1890,2,6855.240000000001,3427.6200000000003,300,2,1,Dormido
18,1890,4,13748.69,3437.1725,609,4,1,Dormido
19,1883,4,27652.89,6913.2225,595,4,0,VIP
20,1883,5,28538.63,5707.726000000001,758,5,0,VIP
21,1883,1,5166.64,5166.64,136,1,1,Dormido
22,1883,6,34593.32,5765.553333333333,869,6,0,VIP
23,1883,3,18864.95,6288.316666666667,481,3,1,Dormido
24,1883,1,6987.96,6987.96,126,1,1,Dormido
25,1876,4,20718.65,5179.6625,601,4,1,Dormido
26,1876,5,30590.949999999997,6118.19,749,5,0,VIP
27,1876,1,2268.84,2268.84,146,1,1,Dormido
28,1869,5,32590.5,6518.1,771,5,0,VIP
29,1869,5,21380.899999999998,4276.179999999999,684,5,1,Dormido
30,1869,7,34933.76,4990.537142857143,1015,7,0,VIP
31,1869,1,4791.04,4791.04,152,1,1,Dormido
32,1869,2,12959.07,6479.535,294,2,1,Dormido
33,1862,4,18607.43,4651.8575,611,4,1,Dormido
34,1862,5,27683.690000000002,5536.738,745,5,0,VIP
35,1862,1,4621.76,4621.76,143,1,1,Dormido
36,1862,5,32211.5,6442.3,788,5,0,VIP
37,1862,1,4363.73,4363.73,133,1,1,Dormido
38,1855,4,20971.04,5242.76,581,4,1,Dormido
39,1855,4,20070.77,5017.6925,603,4,1,Dormido
40,1855,3,21221.4,7073.8,439,3,1,Dormido
41,1855,3,23518.86,7839.62,477,3,1,Dormido
42,1848,2,8707.6,4353.8,344,2,1,Dormido
43,1848,6,27159.15,4526.525000000001,923,6,0,VIP
44,1848,2,11460.24,5730.12,260,2,1,Dormido
45,1848,4,17993.65,4498.4125,622,4,1,Dormido
46,1848,3,9420.93,3140.31,461,3,1,Dormido
47,1848,3,19296.36,6432.12,451,3,1,Dormido
48,1841,2,9425.08,4712.54,298,2,1,Dormido
49,1841,3,16569.72,5523.240000000001,464,3,1,Dormido
50,1841,5,34504.53,6900.906,793,5,0,VIP
51,1834,3,15548.570000000002,5182.8566666666675,450,3,1,Dormido
52,1834,3,17443.07,5814.356666666667,467,3,1,Dormido
53,1834,4,18142.760000000002,4535.6900000000005,597,4,1,Dormido
54,1834,5,32214.1,6442.82,745,5,0,VIP
55,1834,1,4384.0,4384.0,160,1,1,Dormido
56,1834,4,11556.960000000001,2889.2400000000002,592,4,1,Dormido
57,1827,2,17295.39,8647.695,312,2,1,Dormido
58,1827,5,17965.17,3593.0339999999997,752,5,1,Dormido
59,1827,3,12182.64,4060.8799999999997,456,3,1,Dormido
60,1820,5,22375.1,4475.0199999999995,737,5,0,VIP
61,1820,3,16342.43,5447.4766666666665,493,3,1,Dormido
62,1827,2,11317.560000000001,5658.780000000001,273,2,1,Dormido
63,1820,3,10468.08,3489.36,410,3,1,Dormido
64,1820,3,22125.64,7375.213333333333,451,3,1,Dormido
65,1820,4,20593.18,5148.295,589,4,1,Dormido
66,1813,3,17378.92,5792.973333333332,485,3,1,Dormido
67,1813,4,21328.14,5332.035,618,4,1,Dormido
68,1813,3,17651.66,5883.886666666666,422,3,1,Dormido
69,1813,6,30276.23,5046.038333333333,930,6,0,VIP
70,1813,1,7450.1,7450.1,145,1,1,Dormido
71,1813,3,12915.53,4305.176666666667,454,3,1,Dormido
72,1806,5,18792.85,3758.5699999999997,732,5,1,Dormido
73,1806,3,15597.72,5199.24,439,3,1,Dormido
74,1806,2,4102.36,2051.18,302,2,1,Dormido
75,1806,4,24667.22,6166.805,681,4,1,Dormido
76,1799,2,10541.66,5270.83,307,2,1,Dormido
77,1799,4,15873.61,3968.4025,555,4,1,Dormido
78,1799,3,14335.04,4778.346666666667,445,3,1,Dormido
79,1799,3,20705.61,6901.87,417,3,1,Dormido
80,1799,4,19052.9,4763.225,588,4,1,Dormido
81,1792,5,20451.52,4090.304,758,5,1,Dormido
82,1792,2,8923.82,4461.91,313,2,1,Dormido
83,1792,3,7567.33,2522.443333333333,439,3,1,Dormido
84,1785,3,18880.95,6293.650000000001,474,3,1,Dormido
85,1792,6,38056.090000000004,6342.681666666667,878,6,0,VIP
86,1785,1,9308.88,9308.88,168,1,1,Dormido
87,1785,8,41179.51,5147.43875,1225,8,0,VIP
88,1785,2,10640.71,5320.355,255,2,1,Dormido
89,1778,3,16343.32,5447.7733333333335,426,3,1,Dormido
90,1778,4,20167.920000000002,5041.9800000000005,552,4,1,Dormido
91,1778,3,14114.6,4704.866666666667,454,3,1,Dormido
92,1778,6,30861.8,5143.633333333333,951,6,0,VIP
93,1778,2,7916.89,3958.445,297,2,1,Dormido
94,1778,2,7882.55,3941.275,289,2,1,Dormido
95,1771,2,8539.939999999999,4269.969999999999,301,2,1,Dormido
96,1771,6,30285.41,5047.568333333334,898,6,0,VIP
97,1771,2,14520.15,7260.075,268,2,1,Dormido
98,1764,5,27022.59,5404.518,738,5,0,VIP
99,1764,4,27184.539999999997,6796.134999999999,648,4,0,VIP
100,1764,1,3327.73,3327.73,137,1,1,Dormido
101,1764,6,27898.75,4649.791666666667,871,6,0,VIP
102,1764,2,11158.61,5579.305,277,2,1,Dormido
103,1764,2,8734.51,4367.255,301,2,1,Dormido
104,1757,4,20537.64,5134.41,596,4,1,Dormido
105,1757,4,21364.28,5341.07,605,4,1,Dormido
106,1757,2,9140.64,4570.32,288,2,1,Dormido
107,1750,3,11385.6,3795.2000000000003,452,3,1,Dormido
108,1750,5,21358.6,4271.719999999999,710,5,0,VIP
109,1757,2,12782.009999999998,6391.004999999999,300,2,1,Dormido
110,1750,3,15378.27,5126.09,447,3,1,Dormido
111,1750,4,16302.990000000002,4075.7475000000004,598,4,1,Dormido
112,1750,3,23846.23,7948.743333333333,459,3,1,Dormido
113,1743,3,21126.73,7042.243333333333,422,3,1,Dormido
114,1743,2,9924.66,4962.33,303,2,1,Dormido
115,1743,5,29777.71,5955.5419999999995,830,5,0,VIP
116,1743,6,36643.25,6107.208333333333,929,6,0,VIP
117,1743,2,13581.27,6790.635,289,2,1,Dormido
118,1743,2,8774.51,4387.255,278,2,1,Dormido
119,1736,6,28849.75,4808.291666666667,914,6,0,VIP
120,1736,4,21227.64,5306.91,585,4,1,Dormido
121,1729,4,22209.28,5552.32,611,4,1,Dormido
122,1729,4,21570.84,5392.71,588,4,1,Dormido
123,1729,2,5897.46,2948.73,306,2,1,Dormido
124,1729,5,24854.72,4970.944,705,5,0,VIP
125,1729,2,6206.040000000001,3103.0200000000004,316,2,1,Dormido
126,1729,3,11023.95,3674.65,434,3,1,Dormido
127,1722,8,40590.94,5073.8675,1193,8,0,VIP
128,1722,1,5798.55,5798.55,155,1,1,Dormido
129,1722,1,5718.24,5718.24,144,1,1,Dormido
130,1722,2,16213.14,8106.57,307,2,1,Dormido
131,1715,4,17031.76,4257.94,622,4,1,Dormido
132,1722,4,31354.31,7838.5775,575,4,0,VIP
133,1715,3,12944.02,4314.673333333333,432,3,1,Dormido
134,1715,5,33831.44,6766.2880000000005,739,5,0,VIP
135,1715,2,13510.380000000001,6755.1900000000005,341,2,1,Dormido
136,1708,4,21724.52,5431.13,587,4,1,Dormido
137,1708,5,19910.23,3982.046,738,5,1,Dormido
138,1708,1,4115.7,4115.7,153,1,1,Dormido
139,1708,3,12844.79,4281.596666666667,444,3,1,Dormido
140,1708,3,23702.14,7900.713333333333,458,3,1,Dormido
141,1708,4,24450.07,6112.5175,642,4,1,Dormido
142,1701,5,20976.24,4195.2480000000005,745,5,0,VIP
143,1701,3,16814.69,5604.8966666666665,425,3,1,Dormido
144,1701,2,13484.09,6742.045,299,2,1,Dormido
145,1694,4,27804.16,6951.04,605,4,0,VIP
146,1694,6,27710.91,4618.485,911,6,0,VIP
147,1694,2,9838.75,4919.375,335,2,1,Dormido
148,1694,3,13811.18,4603.7266666666665,412,3,1,Dormido
149,1694,5,22607.89,4521.5779999999995,787,5,0,VIP
150,1687,6,27742.91,4623.818333333334,850,6,0,VIP
151,1687,2,15235.260000000002,7617.630000000001,318,2,1,Dormido
152,1687,2,7630.45,3815.225,278,2,1,Dormido
153,1680,5,24987.33,4997.466,754,5,0,VIP
154,1687,3,18616.59,6205.53,468,3,1,Dormido
155,1680,2,12915.5,6457.75,310,2,1,Dormido
156,1680,3,13749.68,4583.2266666666665,470,3,1,Dormido
157,1680,5,30832.5,6166.5,752,5,0,VIP
158,1680,2,10213.439999999999,5106.719999999999,320,2,1,Dormido
159,1673,3,12011.9,4003.9666666666667,460,3,1,Dormido
160,1680,3,12644.68,4214.893333333333,442,3,1,Dormido
161,1673,4,19273.39,4818.3475,611,4,1,Dormido
162,1673,3,15149.220000000001,5049.740000000001,478,3,1,Dormido
163,1673,5,31263.66,6252.732,729,5,0,VIP
164,1673,2,8518.08,4259.04,326,2,1,Dormido
165,1666,3,14461.400000000001,4820.466666666667,459,3,1,Dormido
166,1666,7,22715.48,3245.0685714285714,1035,7,0,VIP
167,1659,6,28515.1,4752.516666666666,851,6,0,VIP
168,1666,3,16783.949999999997,5594.649999999999,469,3,1,Dormido
169,1666,1,2910.24,2910.24,144,1,3,Ocasional
170,1659,4,23821.870000000003,5955.467500000001,576,4,1,Dormido
171,1659,2,12076.14,6038.07,306,2,1,Dormido
172,1659,4,20273.41,5068.3525,595,4,1,Dormido
173,1652,4,18483.41,4620.8525,632,4,1,Dormido
174,1652,2,9732.76,4866.38,275,2,1,Dormido
175,1652,4,28103.2,7025.8,612,4,0,VIP
176,1652,3,14847.91,4949.303333333333,426,3,1,Dormido
177,1645,3,16852.37,5617.456666666666,442,3,1,Dormido
178,1645,4,19822.48,4955.62,567,4,1,Dormido
179,1645,2,14403.46,7201.73,306,2,1,Dormido
180,1645,3,17188.32,5729.44,459,3,1,Dormido
181,1645,5,24930.61,4986.122,676,5,0,VIP
182,1638,3,15628.369999999999,5209.456666666666,422,3,1,Dormido
183,1638,2,9564.0,4782.0,302,2,1,Dormido
184,1638,5,27989.56,5597.912,720,5,0,VIP
185,1638,5,17068.19,3413.638,723,5,1,Dormido
186,1638,4,24647.72,6161.93,593,4,1,Dormido
187,1638,1,1704.96,1704.96,144,1,3,Ocasional
188,1631,3,20640.66,6880.22,470,3,1,Dormido
189,1631,3,17355.59,5785.196666666667,484,3,1,Dormido
190,1631,4,27642.45,6910.6125,607,4,0,VIP
191,1624,4,21027.85,5256.9625,590,4,1,Dormido
192,1631,2,10403.66,5201.83,299,2,1,Dormido
193,1624,4,18507.96,4626.99,537,4,1,Dormido
194,1624,5,31647.81,6329.562,747,5,0,VIP
195,1624,5,28555.559999999998,5711.111999999999,744,5,0,VIP
196,1617,3,16546.55,5515.516666666666,451,3,1,Dormido
197,1617,5,33213.19,6642.638000000001,790,5,0,VIP
198,1617,2,13532.08,6766.04,313,2,1,Dormido
199,1617,4,21623.01,5405.7525,639,4,1,Dormido
200,1617,2,7537.35,3768.675,303,2,1,Dormido
201,1610,4,18819.18,4704.795,593,4,1,Dormido
202,1610,4,14272.96,3568.24,575,4,1,Dormido
203,1610,4,18330.260000000002,4582.5650000000005,617,4,1,Dormido
204,1610,2,7899.36,3949.68,315,2,1,Dormido
205,1603,4,17348.16,4337.04,595,4,1,Dormido
206,1603,3,7257.5,2419.1666666666665,447,3,1,Dormido
207,1603,3,12529.34,4176.446666666667,456,3,1,Dormido
208,1603,4,19680.92,4920.23,586,4,1,Dormido
209,1603,5,27219.239999999998,5443.848,758,5,0,VIP
210,1603,1,9380.46,9380.46,158,1,1,Dormido
211,1596,3,12414.140000000001,4138.046666666667,480,3,1,Dormido
212,1596,5,18199.82,3639.964,694,5,1,Dormido
213,1596,2,8828.34,4414.17,269,2,1,Dormido
214,1589,5,29898.44,5979.688,719,5,0,VIP
215,1589,2,12940.98,6470.49,350,2,1,Dormido
216,1589,3,13369.54,4456.513333333333,454,3,1,Dormido
217,1589,5,23658.239999999998,4731.647999999999,755,5,0,VIP
218,1589,3,11417.69,3805.896666666667,474,3,1,Dormido
219,1589,2,11683.69,5841.845,289,2,1,Dormido
220,1582,3,17369.42,5789.806666666666,464,3,1,Dormido
221,1582,4,20066.28,5016.57,609,4,1,Dormido
222,1582,3,18638.16,6212.72,503,3,1,Dormido
223,1582,3,19948.33,6649.443333333334,485,3,1,Dormido
224,1575,7,40509.22,5787.0314285714285,1030,7,0,VIP
225,1575,5,25470.86,5094.1720000000005,755,5,0,VIP
226,1575,2,12013.970000000001,6006.985000000001,298,2,1,Dormido
227,1575,3,18674.96,6224.986666666667,459,3,1,Dormido
228,1568,4,23727.07,5931.7675,655,4,1,Dormido
229,1568,4,21060.68,5265.17,593,4,1,Dormido
230,1568,2,11531.17,5765.585,340,2,1,Dormido
231,1568,4,26885.58,6721.395,599,4,0,VIP
232,1568,4,28612.0,7153.0,582,4,0,VIP
233,1568,2,13180.27,6590.135,282,2,1,Dormido
234,1561,5,32690.32,6538.064,742,5,0,VIP
235,1561,3,17719.92,5906.639999999999,446,3,1,Dormido
236,1561,2,6079.23,3039.615,271,2,1,Dormido
237,1554,5,31646.8,6329.36,750,5,0,VIP
238,1561,1,1662.96,1662.96,156,1,3,Ocasional
239,1554,4,20311.37,5077.8425,521,4,1,Dormido
240,1554,4,12311.34,3077.835,627,4,1,Dormido
241,1554,3,14919.33,4973.11,440,3,1,Dormido
242,1554,3,8835.89,2945.2966666666666,466,3,1,Dormido
243,1547,4,21026.71,5256.6775,592,4,1,Dormido
244,1547,2,13292.57,6646.285,313,2,1,Dormido
245,1547,4,16469.98,4117.495,576,4,1,Dormido
246,1540,5,26899.99,5379.9980000000005,728,5,0,VIP
247,1547,4,18720.58,4680.145,610,4,1,Dormido
248,1547,1,1985.65,1985.65,151,1,3,Ocasional
249,1540,4,14250.65,3562.6625,582,4,1,Dormido
250,1540,5,27424.100000000002,5484.820000000001,738,5,0,VIP
251,1540,1,5490.21,5490.21,131,1,3,Ocasional
252,1533,4,30676.4,7669.1,597,4,0,VIP
253,1533,2,14370.75,7185.375,315,2,1,Dormido
254,1533,4,18388.59,4597.1475,609,4,1,Dormido
255,1533,4,12236.810000000001,3059.2025000000003,592,4,1,Dormido
256,1533,3,15716.19,5238.7300000000005,458,3,1,Dormido
257,1533,3,12319.81,4106.6033333333335,460,3,1,Dormido
258,1526,4,27804.91,6951.2275,639,4,0,VIP
259,1526,3,8849.029999999999,2949.6766666666663,460,3,1,Dormido
260,1526,3,17871.93,5957.31,444,3,1,Dormido
261,1519,3,16565.59,5521.863333333334,431,3,1,Dormido
262,1519,4,25761.94,6440.485,609,4,0,VIP
263,1519,3,11003.35,3667.7833333333333,476,3,1,Dormido
264,1519,5,14295.69,2859.138,732,5,1,Dormido
265,1519,3,20098.66,6699.553333333333,492,3,1,Dormido
266,1519,2,5875.74,2937.87,334,2,1,Dormido
267,1512,4,21542.800000000003,5385.700000000001,622,4,1,Dormido
268,1512,4,27156.260000000002,6789.0650000000005,625,4,0,VIP
269,1512,2,16143.33,8071.665,313,2,1,Dormido
270,1512,3,20209.06,6736.3533333333335,425,3,1,Dormido
271,1505,3,9952.99,3317.6633333333334,474,3,1,Dormido
272,1505,4,20547.47,5136.8675,620,4,1,Dormido
273,1505,5,22984.35,4596.87,744,5,0,VIP
274,1505,2,6037.950000000001,3018.9750000000004,334,2,1,Dormido
275,1505,3,16678.88,5559.626666666667,411,3,1,Dormido
276,1498,4,20862.54,5215.635,582,4,1,Dormido
277,1498,4,15910.3,3977.575,603,4,1,Dormido
278,1498,2,9753.4,4876.7,285,2,1,Dormido
279,1498,6,29959.96,4993.326666666667,913,6,0,VIP
280,1498,2,11915.720000000001,5957.860000000001,323,2,1,Dormido
281,1498,2,9954.48,4977.24,288,2,1,Dormido
282,1491,4,19583.67,4895.9175,589,4,1,Dormido
283,1491,4,22464.34,5616.085,580,4,1,Dormido
284,1491,2,13380.21,6690.105,299,2,1,Dormido
285,1484,4,22823.07,5705.7675,626,4,1,Dormido
286,1484,3,13429.41,4476.47,429,3,1,Dormido
287,1484,3,11752.41,3917.47,423,3,1,Dormido
288,1484,3,12995.51,4331.836666666667,450,3,1,Dormido
289,1484,7,43327.96,6189.708571428571,1073,7,0,VIP
290,1477,2,12024.79,6012.395,306,2,1,Dormido
291,1477,5,28711.690000000002,5742.338000000001,791,5,0,VIP
292,1477,3,12298.960000000001,4099.653333333334,464,3,1,Dormido
293,1470,4,20576.68,5144.17,543,4,1,Dormido
294,1477,3,14168.419999999998,4722.806666666666,475,3,1,Dormido
295,1470,3,19066.49,6355.496666666667,492,3,1,Dormido
296,1470,6,25495.68,4249.28,879,6,0,VIP
297,1470,2,7423.85,3711.925,317,2,1,Dormido
298,1470,2,9924.02,4962.01,305,2,1,Dormido
299,1463,5,28144.5,5628.9,750,5,0,VIP
300,1463,3,14755.71,4918.57,425,3,1,Dormido
301,1463,2,12135.49,6067.745,320,2,1,Dormido
302,1463,3,16890.68,5630.2266666666665,475,3,1,Dormido
303,1463,3,12419.970000000001,4139.990000000001,456,3,1,Dormido
304,1463,4,25269.86,6317.465,575,4,0,VIP
305,1456,7,28234.39,4033.4842857142858,1034,7,0,VIP
306,1456,3,6976.78,2325.5933333333332,434,3,1,Dormido
307,1449,4,17702.3,4425.575,575,4,1,Dormido
308,1449,5,21645.55,4329.11,789,5,0,VIP
309,1456,1,2445.18,2445.18,166,1,3,Ocasional
310,1449,3,15771.899999999998,5257.299999999999,421,3,1,Dormido
311,1449,3,20805.379999999997,6935.126666666666,452,3,1,Dormido
312,1449,4,18325.92,4581.48,633,4,1,Dormido
313,1442,4,24602.64,6150.66,641,4,0,VIP
314,1442,4,20320.04,5080.01,618,4,1,Dormido
315,1442,2,9348.45,4674.225,295,2,1,Dormido
316,1435,3,17701.6,5900.533333333333,435,3,1,Dormido
317,1435,3,15303.07,5101.0233333333335,444,3,1,Dormido
318,1442,4,19071.47,4767.8675,599,4,1,Dormido
319,1435,5,23797.12,4759.424,710,5,0,VIP
320,1435,4,20757.690000000002,5189.422500000001,619,4,1,Dormido
321,1435,1,2366.91,2366.91,153,1,3,Ocasional
322,1428,3,16522.4,5507.466666666667,417,3,1,Dormido
323,1428,2,11126.47,5563.235,311,2,1,Dormido
324,1428,5,25176.45,5035.29,724,5,0,VIP
325,1428,5,25330.75,5066.15,751,5,0,VIP
326,1428,2,12678.52,6339.26,302,2,1,Dormido
327,1428,3,18360.48,6120.16,432,3,1,Dormido
328,1421,5,30215.539999999997,6043.107999999999,767,5,0,VIP
329,1421,4,18255.36,4563.84,577,4,1,Dormido
330,1421,1,2502.89,2502.89,169,1,3,Ocasional
331,1414,6,30211.29,5035.215,910,6,0,VIP
332,1414,2,5469.129999999999,2734.5649999999996,307,2,1,Dormido
333,1414,2,10517.5,5258.75,303,2,1,Dormido
334,1414,4,24116.690000000002,6029.172500000001,591,4,0,VIP
335,1414,5,16030.85,3206.17,751,5,1,Dormido
336,1414,1,8980.72,8980.72,158,1,3,Ocasional
337,1407,5,18637.04,3727.4080000000004,760,5,0,VIP
338,1407,3,20262.8,6754.266666666666,476,3,1,Dormido
339,1407,2,11609.94,5804.97,286,2,1,Dormido
340,1400,5,23588.86,4717.772,729,5,0,VIP
341,1407,2,7084.06,3542.03,317,2,1,Dormido
342,1400,3,19399.9,6466.633333333334,475,3,1,Dormido
343,1400,3,20649.719999999998,6883.239999999999,456,3,1,Dormido
344,1400,4,22123.090000000004,5530.772500000001,607,4,1,Dormido
345,1400,3,17690.86,5896.953333333334,449,3,1,Dormido
346,1393,5,27707.85,5541.57,733,5,0,VIP
347,1400,3,13462.23,4487.41,433,3,1,Dormido
348,1393,2,10888.07,5444.035,306,2,1,Dormido
349,1393,2,14358.439999999999,7179.219999999999,321,2,1,Dormido
350,1393,7,38036.81,5433.83,1064,7,0,VIP
351,1393,1,4890.18,4890.18,149,1,3,Ocasional
352,1386,3,18866.09,6288.696666666667,465,3,1,Dormido
353,1386,4,23335.15,5833.7875,583,4,1,Dormido
354,1386,3,11368.22,3789.4066666666663,454,3,1,Dormido
355,1379,3,16004.91,5334.97,470,3,1,Dormido
356,1379,5,30958.57,6191.714,743,5,0,VIP
357,1386,2,10756.039999999999,5378.0199999999995,310,2,1,Dormido
358,1379,2,14443.2,7221.6,304,2,1,Dormido
359,1379,4,23337.1,5834.275,594,4,1,Dormido
360,1379,4,13048.56,3262.14,581,4,1,Dormido
361,1372,5,26369.98,5273.996,724,5,0,VIP
362,1372,5,23104.75,4620.95,728,5,0,VIP
363,1365,5,21677.85,4335.57,764,5,0,VIP
364,1372,4,25852.4,6463.1,616,4,0,VIP
365,1372,1,6699.0,6699.0,150,1,3,Ocasional
366,1365,5,24326.91,4865.382,758,5,0,VIP
367,1365,3,17342.940000000002,5780.9800000000005,445,3,1,Dormido
368,1365,2,10903.68,5451.84,282,2,1,Dormido
369,1358,2,11003.52,5501.76,292,2,1,Dormido
370,1358,4,28428.4,7107.1,700,4,0,VIP
371,1358,4,25149.42,6287.355,593,4,0,VIP
372,1358,4,13853.3,3463.325,611,4,1,Dormido
373,1358,3,16357.900000000001,5452.633333333334,458,3,1,Dormido
374,1358,3,15706.08,5235.36,442,3,1,Dormido
375,1351,3,14726.58,4908.86,483,3,1,Dormido
376,1351,4,16410.43,4102.6075,571,4,1,Dormido
377,1351,3,14460.48,4820.16,458,3,1,Dormido
378,1351,3,18483.05,6161.016666666666,450,3,1,Dormido
379,1344,3,16743.1,5581.033333333333,444,3,1,Dormido
380,1344,4,15919.84,3979.96,617,4,1,Dormido
381,1344,5,28401.64,5680.3279999999995,761,5,0,VIP
382,1344,2,13169.86,6584.93,321,2,1,Dormido
383,1344,3,13380.04,4460.013333333333,418,3,1,Dormido
384,1337,7,38525.12,5503.588571428571,1000,7,0,VIP
385,1344,1,4668.92,4668.92,151,1,3,Ocasional
386,1337,2,11472.8,5736.4,293,2,1,Dormido
387,1337,2,13334.400000000001,6667.200000000001,289,2,1,Dormido
388,1337,3,11208.27,3736.09,461,3,1,Dormido
389,1330,5,26879.61,5375.9220000000005,708,4,0,VIP
390,1330,3,17798.52,5932.84,475,3,1,Dormido
391,1330,3,16667.3,5555.766666666666,425,3,1,Dormido
392,1330,4,23079.16,5769.79,609,4,1,Dormido
393,1323,4,23172.260000000002,5793.0650000000005,570,4,1,Dormido
394,1330,1,2751.22,2751.22,151,1,3,Ocasional
395,1323,5,30957.58,6191.5160000000005,762,5,0,VIP
396,1323,5,27947.22,5589.444,759,5,0,VIP
397,1323,4,22447.19,5611.7975,575,4,1,Dormido
398,1323,1,8656.75,8656.75,155,1,3,Ocasional
399,1316,5,38646.82,7729.364,778,5,0,VIP
400,1316,4,24294.49,6073.6225,587,4,0,VIP
401,1316,1,3809.82,3809.82,141,1,3,Ocasional
402,1309,3,16873.809999999998,5624.603333333333,440,3,1,Dormido
403,1309,4,11595.86,2898.965,595,4,1,Dormido
404,1309,3,19339.62,6446.54,468,3,1,Dormido
405,1309,3,13561.88,4520.626666666666,448,3,1,Dormido
406,1309,5,25313.85,5062.7699999999995,701,5,0,VIP
407,1309,2,9507.04,4753.52,296,2,1,Dormido
408,1302,3,15203.06,5067.6866666666665,399,3,1,Dormido
409,1302,2,4542.719999999999,2271.3599999999997,293,2,3,Ocasional
410,1302,5,25583.96,5116.7919999999995,739,5,0,VIP
411,1295,5,21325.7,4265.14,765,5,0,VIP
412,1302,1,5045.6,5045.6,140,1,3,Ocasional
413,1295,4,27221.670000000002,6805.4175000000005,625,4,0,VIP
414,1295,3,7844.639999999999,2614.8799999999997,445,3,1,Dormido
415,1295,6,34686.33,5781.055,908,6,0,VIP
416,1295,1,2056.2,2056.2,149,1,3,Ocasional
417,1288,6,42334.27,7055.711666666666,911,6,0,VIP
418,1288,4,20283.78,5070.945,604,4,1,Dormido
419,1288,4,22280.72,5570.18,561,4,1,Dormido
420,1288,4,30724.71,7681.1775,616,4,0,VIP
421,1288,2,8979.15,4489.575,285,2,1,Dormido
422,1281,4,19830.9,4957.725,573,4,1,Dormido
423,1281,3,12929.9,4309.966666666666,445,3,1,Dormido
424,1281,3,7502.54,2500.846666666667,444,3,1,Dormido
425,1274,3,13839.900000000001,4613.3,428,3,1,Dormido
426,1274,5,28007.5,5601.5,751,5,0,VIP
427,1274,2,8659.82,4329.91,304,2,1,Dormido
428,1274,3,15917.26,5305.753333333333,428,3,1,Dormido
429,1274,3,14300.61,4766.87,442,3,1,Dormido
430,1274,4,21823.47,5455.8675,597,4,1,Dormido
431,1267,2,8374.720000000001,4187.360000000001,289,2,3,Ocasional
432,1267,6,28135.71,4689.285,916,6,0,VIP
433,1267,2,12030.57,6015.285,279,2,1,Dormido
434,1267,3,21256.84,7085.613333333334,441,3,1,Dormido
435,1260,4,19559.63,4889.9075,630,4,1,Dormido
436,1267,3,7366.360000000001,2455.4533333333334,410,3,1,Dormido
437,1260,2,10386.64,5193.32,288,2,1,Dormido
438,1260,4,17603.75,4400.9375,612,4,1,Dormido
439,1260,4,16923.73,4230.9325,617,4,1,Dormido
440,1253,4,28680.489999999998,7170.1224999999995,602,4,0,VIP
441,1253,3,9835.869999999999,3278.623333333333,430,3,1,Dormido
442,1253,3,25440.46,8480.153333333334,470,3,1,Dormido
443,1253,2,9290.029999999999,4645.014999999999,306,2,1,Dormido
444,1253,6,40325.83,6720.971666666667,894,6,0,VIP
445,1253,2,7874.719999999999,3937.3599999999997,301,2,3,Ocasional
446,1246,1,5102.55,5102.55,145,1,3,Ocasional
447,1246,3,15691.349999999999,5230.45,458,3,1,Dormido
448,1246,6,26523.29,4420.548333333333,899,6,0,VIP
449,1239,3,19716.61,6572.203333333334,464,3,1,Dormido
450,1239,5,15605.02,3121.004,729,5,1,Dormido
451,1246,2,11909.04,5954.52,309,2,1,Dormido
452,1239,3,17724.06,5908.02,493,3,1,Dormido
453,1239,2,10705.86,5352.93,278,2,1,Dormido
454,1239,5,27237.87,5447.574,728,5,0,VIP
455,1232,3,6897.24,2299.08,432,3,1,Dormido
456,1232,4,25551.38,6387.845,589,4,0,VIP
457,1232,3,9600.99,3200.33,449,3,1,Dormido
458,1232,3,10947.03,3649.01,495,3,1,Dormido
459,1225,5,22684.43,4536.886,735,5,0,VIP
460,1225,2,7999.2,3999.6,310,2,3,Ocasional
461,1225,5,23300.620000000003,4660.124000000001,727,5,0,VIP
462,1225,5,28354.25,5670.85,738,5,0,VIP
463,1218,4,20895.13,5223.7825,613,4,1,Dormido
464,1218,3,12580.11,4193.37,442,3,1,Dormido
465,1218,3,19299.77,6433.256666666667,434,3,1,Dormido
466,1218,3,14139.21,4713.07,450,3,1,Dormido
467,1218,4,21813.17,5453.2925,571,4,1,Dormido
468,1218,3,13917.4,4639.133333333333,408,3,1,Dormido
469,1211,3,15692.029999999999,5230.676666666666,458,3,1,Dormido
470,1211,5,23650.64,4730.128,772,5,0,VIP
471,1211,2,3528.6,1764.3,285,2,3,Ocasional
472,1204,5,32454.149999999998,6490.83,724,5,0,VIP
473,1204,4,20113.94,5028.485,621,4,1,Dormido
474,1204,1,6533.04,6533.04,163,1,3,Ocasional
475,1204,2,6722.4,3361.2,268,2,3,Ocasional
476,1204,5,31128.03,6225.606,756,5,0,VIP
477,1204,3,17927.22,5975.740000000001,475,3,1,Dormido
478,1197,4,28672.4,7168.1,615,4,0,VIP
479,1197,3,15957.49,5319.163333333333,445,3,1,Dormido
480,1197,3,12983.58,4327.86,443,3,1,Dormido
481,1190,4,28064.89,7016.2225,638,4,0,VIP
482,1190,5,24660.48,4932.096,748,5,0,VIP
483,1197,1,2457.78,2457.78,137,1,3,Ocasional
484,1190,4,21332.68,5333.17,554,4,1,Dormido
485,1190,2,8151.85,4075.925,311,2,3,Ocasional
486,1190,4,16708.69,4177.1725,611,4,1,Dormido
487,1183,2,7379.4,3689.7,294,2,3,Ocasional
488,1183,5,27313.010000000002,5462.602000000001,785,5,0,VIP
489,1183,3,18327.010000000002,6109.003333333334,463,3,1,Dormido
490,1183,3,15483.550000000001,5161.183333333333,472,3,1,Dormido
491,1183,4,19291.870000000003,4822.967500000001,587,4,1,Dormido
492,1183,3,19137.09,6379.03,439,3,1,Dormido
493,1176,4,26806.28,6701.57,599,4,0,VIP
494,1176,5,22327.190000000002,4465.438,723,5,0,VIP
495,1176,1,3036.76,3036.76,158,1,3,Ocasional
496,1169,5,30028.3,6005.66,734,5,0,VIP
497,1176,1,1556.01,1556.01,153,1,3,Ocasional
498,1169,4,20103.559999999998,5025.889999999999,611,4,1,Dormido
499,1169,6,30822.75,5137.125,902,6,0,VIP
500,1169,3,17607.97,5869.323333333334,426,3,1,Dormido
501,1169,1,5569.83,5569.83,147,1,3,Ocasional
502,1162,2,11192.55,5596.275,290,2,3,Ocasional
503,1162,5,27182.809999999998,5436.562,763,5,0,VIP
504,1162,3,15944.67,5314.89,455,3,1,Dormido
505,1155,5,31432.05,6286.41,747,5,0,VIP
506,1162,4,23737.53,5934.3825,658,4,0,VIP
507,1155,1,1688.85,1688.85,139,1,3,Ocasional
508,1155,5,25451.18,5090.236,752,5,0,VIP
509,1155,4,28227.489999999998,7056.8724999999995,598,4,0,VIP
510,1155,1,3260.18,3260.18,146,1,3,Ocasional
511,1148,4,18794.850000000002,4698.712500000001,623,4,1,Dormido
512,1155,2,9951.3,4975.65,315,2,3,Ocasional
513,1148,4,27778.29,6944.5725,648,4,0,VIP
514,1148,6,41277.43,6879.571666666667,914,6,0,VIP
515,1148,3,22561.22,7520.406666666667,475,3,1,Dormido
516,1148,1,8183.76,8183.76,156,1,3,Ocasional
517,1141,3,21229.32,7076.44,455,3,1,Dormido
518,1141,4,26625.27,6656.3175,633,4,0,VIP
519,1141,3,18928.61,6309.536666666667,453,3,1,Dormido
520,1141,2,11192.86,5596.43,260,2,3,Ocasional
521,1134,4,24391.75,6097.9375,585,4,0,VIP
522,1134,4,22546.260000000002,5636.5650000000005,585,4,0,VIP
523,1134,4,24041.489999999998,6010.3724999999995,585,4,0,VIP
524,1134,4,25537.1,6384.275,594,4,0,VIP
525,1134,2,15766.14,7883.07,319,2,1,Dormido
526,1127,5,29294.940000000002,5858.988,735,5,0,VIP
527,1127,3,16568.67,5522.889999999999,488,3,1,Dormido
528,1127,2,12919.74,6459.87,304,2,1,Dormido
529,1127,3,14385.85,4795.283333333334,460,3,1,Dormido
530,1127,4,15188.880000000001,3797.2200000000003,580,4,1,Dormido
531,1120,3,16828.41,5609.47,462,3,1,Dormido
532,1120,3,17903.06,5967.686666666667,455,3,1,Dormido
533,1120,5,30515.5,6103.1,737,5,0,VIP
534,1120,2,8670.11,4335.055,333,2,3,Ocasional
535,1113,5,30826.92,6165.384,745,5,0,VIP
536,1113,3,20010.77,6670.256666666667,448,3,1,Dormido
537,1113,2,8507.39,4253.695,277,2,3,Ocasional
538,1113,6,35152.64,5858.7733333333335,882,6,0,VIP
539,1113,3,19789.77,6596.59,471,3,1,Dormido
540,1113,1,6779.85,6779.85,165,1,3,Ocasional
541,1106,4,26571.17,6642.7925,615,4,0,VIP
542,1106,5,41033.0,8206.6,822,5,0,VIP
543,1106,1,7298.0,7298.0,164,1,3,Ocasional
544,1099,5,30261.27,6052.254,746,4,0,VIP
545,1106,1,3639.36,3639.36,136,1,3,Ocasional
546,1099,4,23567.01,5891.7525,625,4,0,VIP
547,1099,3,11847.25,3949.0833333333335,471,3,1,Dormido
548,1099,2,8453.02,4226.51,300,2,3,Ocasional
549,1099,5,36236.53,7247.306,764,5,0,VIP
550,1092,5,15454.4,3090.88,712,5,2,Leal
551,1092,4,25532.05,6383.0125,608,3,0,VIP
552,1092,1,4529.8,4529.8,142,1,3,Ocasional
553,1092,3,12598.17,4199.39,431,3,1,Dormido
554,1085,6,28823.53,4803.921666666666,914,6,0,VIP
555,1092,1,6902.62,6902.62,142,1,3,Ocasional
556,1085,3,12680.48,4226.826666666667,460,3,1,Dormido
557,1085,3,8522.08,2840.693333333333,390,3,1,Dormido
558,1085,4,18344.63,4586.1575,553,4,1,Dormido
559,1078,4,19051.55,4762.8875,593,4,2,Leal
560,1078,4,16669.69,4167.4225,608,4,1,Dormido
561,1078,2,6053.900000000001,3026.9500000000003,303,2,3,Ocasional
562,1078,3,16776.27,5592.09,481,3,1,Dormido
563,1078,2,10340.18,5170.09,302,2,3,Ocasional
564,1078,5,33051.16,6610.232000000001,776,5,0,VIP
565,1071,2,9059.71,4529.855,275,2,3,Ocasional
566,1071,5,32779.67,6555.933999999999,760,5,0,VIP
567,1071,3,11017.31,3672.4366666666665,447,3,1,Dormido
568,1064,4,18929.84,4732.46,601,4,2,Leal
569,1071,2,10407.8,5203.9,327,2,3,Ocasional
570,1064,4,17167.91,4291.9775,592,4,1,Dormido
571,1064,2,6981.6,3490.8,288,2,3,Ocasional
572,1064,5,28493.239999999998,5698.647999999999,743,5,0,VIP
573,1064,3,15005.5,5001.833333333333,472,3,1,Dormido
574,1057,2,9961.02,4980.51,323,2,3,Ocasional
575,1057,4,19276.57,4819.1425,581,3,2,Leal
576,1057,4,22130.620000000003,5532.655000000001,611,4,2,Leal
577,1050,4,22054.9,5513.725,577,4,2,Leal
578,1050,3,14971.49,4990.496666666667,426,3,1,Dormido
579,1057,3,18673.66,6224.553333333333,437,3,1,Dormido
580,1050,4,23914.4,5978.6,609,4,0,VIP
581,1050,5,24605.14,4921.028,789,5,0,VIP
582,1050,1,1500.94,1500.94,142,1,3,Ocasional
583,1043,4,12785.529999999999,3196.3824999999997,574,4,1,Dormido
584,1043,4,16284.940000000002,4071.2350000000006,553,4,1,Dormido
585,1043,2,9543.42,4771.71,279,2,3,Ocasional
586,1043,4,22436.940000000002,5609.235000000001,638,4,2,Leal
587,1043,2,14715.68,7357.84,307,2,3,Ocasional
588,1043,4,25169.09,6292.2725,672,4,0,VIP
589,1036,6,29259.41,4876.568333333334,884,6,0,VIP
590,1036,2,9750.07,4875.035,313,2,3,Ocasional
591,1036,2,8293.66,4146.83,287,2,3,Ocasional
592,1036,2,10638.56,5319.28,308,2,3,Ocasional
593,1036,1,7125.69,7125.69,151,1,3,Ocasional
594,1029,7,24214.79,3459.2557142857145,1044,7,0,VIP
595,1029,5,19243.67,3848.7339999999995,748,5,0,VIP
596,1029,2,12306.25,6153.125,307,2,3,Ocasional
597,1029,3,19344.87,6448.29,447,3,1,Dormido
598,1022,3,16280.529999999999,5426.843333333333,441,3,1,Dormido
599,1022,3,21603.12,7201.04,478,3,2,Leal
600,1022,4,14231.4,3557.85,594,4,1,Dormido
601,1022,2,13016.400000000001,6508.200000000001,302,2,3,Ocasional
602,1015,4,24376.260000000002,6094.0650000000005,607,4,0,VIP
603,1015,4,29157.02,7289.255,649,4,0,VIP
604,1015,3,21004.129999999997,7001.376666666666,439,3,2,Leal
605,1015,5,23181.97,4636.394,727,5,0,VIP
606,1015,2,7908.610000000001,3954.3050000000003,329,2,3,Ocasional
607,1008,3,10548.84,3516.28,466,3,1,Dormido
608,1008,3,19085.83,6361.943333333334,420,3,1,Dormido
609,1008,4,19483.73,4870.9325,606,4,2,Leal
610,1008,7,44855.95,6407.992857142856,1054,7,0,VIP
611,1008,3,18392.78,6130.926666666666,426,3,1,Dormido
612,1001,5,25998.379999999997,5199.6759999999995,734,5,0,VIP
613,1001,4,17872.64,4468.16,569,4,2,Leal
614,1001,1,7272.6,7272.6,138,1,3,Ocasional
615,994,4,10067.51,2516.8775,607,4,1,Dormido
616,994,6,27174.23,4529.038333333333,896,6,0,VIP
617,994,5,31797.42,6359.4839999999995,780,5,0,VIP
618,994,1,5199.12,5199.12,166,1,3,Ocasional
619,994,4,20999.76,5249.94,570,4,2,Leal
620,987,3,17856.5,5952.166666666667,465,3,1,Dormido
621,987,5,21948.78,4389.755999999999,729,5,0,VIP
622,987,2,11960.099999999999,5980.049999999999,291,2,3,Ocasional
623,980,5,22180.289999999997,4436.057999999999,773,5,0,VIP
624,980,2,11261.61,5630.805,314,2,3,Ocasional
625,987,3,12423.36,4141.12,406,3,1,Dormido
626,980,4,25740.75,6435.1875,650,4,0,VIP
627,980,2,11520.130000000001,5760.0650000000005,285,2,3,Ocasional
628,980,4,22041.870000000003,5510.467500000001,655,4,2,Leal
629,973,3,13712.74,4570.913333333333,468,3,1,Dormido
630,973,4,29592.32,7398.08,600,4,0,VIP
631,973,3,16693.36,5564.453333333334,407,3,1,Dormido
632,973,3,13398.279999999999,4466.093333333333,464,3,1,Dormido
633,973,3,15644.029999999999,5214.676666666666,454,3,1,Dormido
634,973,4,19760.92,4940.23,597,4,2,Leal
635,966,4,17612.55,4403.1375,577,4,2,Leal
636,966,4,14571.29,3642.8225,628,4,2,Leal
637,966,2,11799.39,5899.695,289,2,3,Ocasional
638,966,1,4234.4,4234.4,158,1,3,Ocasional
639,959,4,16523.12,4130.78,634,4,2,Leal
640,959,5,20759.309999999998,4151.861999999999,754,5,0,VIP
641,959,4,19255.04,4813.76,619,4,2,Leal
642,959,4,17316.64,4329.16,600,4,2,Leal
643,959,2,12416.46,6208.23,329,2,3,Ocasional
644,952,6,36095.520000000004,6015.920000000001,927,6,0,VIP
645,952,3,15300.05,5100.016666666666,461,3,1,Dormido
646,952,1,7074.68,7074.68,137,1,3,Ocasional
647,945,7,40099.59,5728.512857142857,1019,7,0,VIP
648,952,2,6482.21,3241.105,289,2,3,Ocasional
649,952,1,4058.76,4058.76,149,1,3,Ocasional
650,945,4,15945.220000000001,3986.3050000000003,601,4,2,Leal
651,945,2,8430.78,4215.39,304,2,3,Ocasional
652,945,4,18608.04,4652.01,580,4,2,Leal
653,938,3,20754.86,6918.286666666667,461,3,2,Leal
654,938,4,19967.18,4991.795,612,4,2,Leal
655,938,3,11895.09,3965.03,406,3,1,Dormido
656,938,6,24842.53,4140.421666666666,948,6,0,VIP
657,938,3,12412.23,4137.41,441,3,1,Dormido
658,938,1,3136.98,3136.98,147,1,3,Ocasional
659,931,6,44240.88,7373.48,917,6,0,VIP
660,931,2,14970.05,7485.025,287,2,3,Ocasional
661,931,2,10172.7,5086.35,282,2,3,Ocasional
662,924,5,29285.39,5857.0779999999995,766,5,0,VIP
663,924,3,14914.51,4971.503333333333,464,3,1,Dormido
664,931,2,11781.76,5890.88,299,2,3,Ocasional
665,924,6,30736.52,5122.753333333333,881,6,0,VIP
666,924,3,14741.06,4913.6866666666665,462,3,1,Dormido
667,924,1,3315.15,3315.15,139,1,3,Ocasional
668,917,4,22002.989999999998,5500.7474999999995,620,4,2,Leal
669,917,3,15332.78,5110.926666666667,437,3,2,Leal
670,917,3,13439.79,4479.93,449,3,1,Dormido
671,917,4,22704.72,5676.18,576,4,2,Leal
672,910,3,9353.8,3117.933333333333,449,3,3,Ocasional
673,910,3,12910.43,4303.4766666666665,451,3,1,Dormido
674,910,4,13071.48,3267.87,564,4,2,Leal
675,910,2,7441.0199999999995,3720.5099999999998,264,2,3,Ocasional
676,910,4,21165.24,5291.31,639,4,2,Leal
677,903,3,11234.710000000001,3744.9033333333336,440,3,3,Ocasional
678,903,2,9180.92,4590.46,288,2,3,Ocasional
679,903,5,18519.96,3703.9919999999997,728,5,2,Leal
680,903,5,24150.36,4830.072,711,5,0,VIP
681,903,3,14754.18,4918.06,427,3,2,Leal
682,903,2,8662.04,4331.02,293,2,3,Ocasional
683,896,4,16410.010000000002,4102.5025000000005,581,4,2,Leal
684,896,4,14258.07,3564.5175,614,4,2,Leal
685,896,2,9886.26,4943.13,290,2,3,Ocasional
686,896,5,28240.59,5648.118,783,5,0,VIP
687,889,4,18082.050000000003,4520.512500000001,596,4,2,Leal
688,889,1,2901.21,2901.21,129,1,3,Ocasional
689,889,6,34890.2,5815.033333333333,964,6,0,VIP
690,889,2,14594.779999999999,7297.389999999999,318,2,3,Ocasional
691,889,2,6901.0,3450.5,297,2,3,Ocasional
692,882,5,16613.24,3322.648,752,5,2,Leal
693,882,5,21196.41,4239.282,734,5,0,VIP
694,882,1,6358.16,6358.16,152,1,3,Ocasional
695,882,5,34647.21,6929.442,761,5,0,VIP
696,875,4,20328.739999999998,5082.1849999999995,629,4,2,Leal
697,875,6,26858.79,4476.465,905,6,0,VIP
698,875,4,18443.56,4610.89,607,4,2,Leal
699,868,6,22594.39,3765.7316666666666,828,6,0,VIP
700,868,3,18639.19,6213.063333333333,455,3,2,Leal
701,868,1,8156.28,8156.28,148,1,3,Ocasional
702,868,4,19528.489999999998,4882.1224999999995,611,4,2,Leal
703,868,4,29766.05,7441.5125,640,4,0,VIP
704,868,2,8820.61,4410.305,274,2,3,Ocasional
705,861,5,20003.13,4000.626,760,5,0,VIP
706,861,3,16610.07,5536.69,486,3,2,Leal
707,861,2,5478.35,2739.175,313,2,3,Ocasional
708,854,4,18968.37,4742.0925,602,4,2,Leal
709,854,3,16468.739999999998,5489.579999999999,474,3,2,Leal
710,854,3,22577.260000000002,7525.753333333334,475,3,2,Leal
711,854,6,36594.409999999996,6099.068333333333,924,6,0,VIP
712,854,3,10081.400000000001,3360.466666666667,470,3,3,Ocasional
713,854,1,6403.56,6403.56,146,1,3,Ocasional
714,847,4,27355.79,6838.9475,599,4,0,VIP
715,847,5,26774.62,5354.924,770,5,0,VIP
716,847,1,4652.62,4652.62,167,1,3,Ocasional
717,847,3,12430.380000000001,4143.46,462,3,3,Ocasional
718,847,2,9813.7,4906.85,260,2,3,Ocasional
719,840,5,34090.84,6818.168,721,5,0,VIP
720,840,3,19223.16,6407.72,448,3,2,Leal
721,840,3,15183.939999999999,5061.313333333333,405,3,2,Leal
722,840,4,24980.22,6245.055,589,4,2,Leal
723,840,1,5927.86,5927.86,166,1,3,Ocasional
724,833,5,24107.87,4821.574,751,5,0,VIP
725,833,4,20833.08,5208.27,582,4,2,Leal
726,833,6,29843.2,4973.866666666667,968,6,0,VIP
727,833,3,19672.78,6557.593333333333,446,3,2,Leal
728,833,1,4557.0,4557.0,147,1,3,Ocasional
729,826,5,23065.19,4613.038,736,5,0,VIP
730,826,2,8931.84,4465.92,296,2,3,Ocasional
731,826,3,20378.83,6792.943333333334,452,3,2,Leal
732,819,5,21532.27,4306.454,707,5,0,VIP
733,819,4,21367.04,5341.76,604,4,2,Leal
734,826,1,2430.4,2430.4,160,1,3,Ocasional
735,819,1,7044.56,7044.56,173,1,3,Ocasional
736,819,3,20990.78,6996.926666666666,466,3,2,Leal
737,819,6,35430.14,5905.0233333333335,915,6,0,VIP
738,812,6,28195.13,4699.1883333333335,873,6,0,VIP
739,812,3,18709.4,6236.466666666667,478,3,2,Leal
740,812,1,5250.24,5250.24,144,1,3,Ocasional
741,812,2,7590.9,3795.45,290,2,3,Ocasional
742,805,3,16360.009999999998,5453.336666666666,456,3,2,Leal
743,805,5,33809.49,6761.897999999999,750,5,0,VIP
744,805,2,10749.72,5374.86,275,2,3,Ocasional
745,805,3,16078.82,5359.606666666667,424,3,2,Leal
746,805,5,22440.91,4488.182,735,5,0,VIP
747,798,4,15660.2,3915.05,594,4,2,Leal
748,798,4,14563.84,3640.96,588,4,2,Leal
749,798,2,12328.04,6164.02,278,2,3,Ocasional
750,798,5,23094.71,4618.942,749,5,0,VIP
751,798,2,10515.779999999999,5257.889999999999,292,2,3,Ocasional
752,798,3,21236.97,7078.990000000001,477,3,2,Leal
753,791,3,15118.38,5039.46,438,3,2,Leal
754,791,5,28262.05,5652.41,752,5,0,VIP
755,791,2,13112.2,6556.1,304,2,3,Ocasional
756,784,6,31207.65,5201.275000000001,883,6,0,VIP
757,791,2,14527.6,7263.8,310,2,3,Ocasional
758,784,2,13320.720000000001,6660.360000000001,312,2,3,Ocasional
759,784,4,14179.4,3544.85,652,4,2,Leal
760,784,3,10282.380000000001,3427.4600000000005,421,3,3,Ocasional
761,784,3,17554.46,5851.486666666667,460,3,2,Leal
762,777,6,34891.19,5815.198333333334,866,6,0,VIP
763,777,1,6625.08,6625.08,154,1,3,Ocasional
764,777,3,13757.49,4585.83,453,3,2,Leal
765,777,4,20339.98,5084.995,659,4,2,Leal
766,770,4,21440.39,5360.0975,628,4,2,Leal
767,770,2,7363.91,3681.955,288,2,3,Ocasional
768,770,3,17913.96,5971.32,439,3,2,Leal
769,770,3,15493.21,5164.403333333333,450,3,2,Leal
770,770,4,24218.85,6054.7125,598,4,2,Leal
771,763,3,12131.529999999999,4043.843333333333,440,3,3,Ocasional
772,763,2,11582.49,5791.245,294,2,3,Ocasional
773,763,5,24122.67,4824.534,753,5,0,VIP
774,763,4,26184.43,6546.1075,601,4,2,Leal
775,763,4,32385.57,8096.3925,595,4,0,VIP
776,763,2,6693.27,3346.635,289,2,3,Ocasional
777,756,4,23997.600000000002,5999.400000000001,592,4,2,Leal
778,756,3,17919.66,5973.22,464,3,2,Leal
779,756,3,19175.43,6391.81,407,3,2,Leal
780,749,5,22055.16,4411.032,768,5,0,VIP
781,749,3,11922.23,3974.0766666666664,430,3,3,Ocasional
782,749,2,10338.52,5169.26,268,2,3,Ocasional
783,749,6,32373.85,5395.641666666666,899,6,0,VIP
784,749,2,10727.529999999999,5363.764999999999,292,2,3,Ocasional
785,749,2,9769.83,4884.915,327,2,3,Ocasional
786,742,5,22746.52,4549.304,723,5,0,VIP
787,742,3,13914.09,4638.03,453,3,2,Leal
788,742,2,14125.619999999999,7062.8099999999995,276,2,3,Ocasional
789,735,3,14218.060000000001,4739.3533333333335,444,3,2,Leal
790,742,2,7024.92,3512.46,306,2,3,Ocasional
791,735,5,29799.98,5959.996,729,5,0,VIP
792,735,5,27335.48,5467.096,743,5,0,VIP
793,735,5,29829.17,5965.834,821,5,0,VIP
794,728,5,22265.19,4453.038,749,5,0,VIP
795,728,2,7380.41,3690.205,299,2,3,Ocasional
796,728,3,15583.04,5194.346666666667,456,3,2,Leal
797,728,6,29318.54,4886.423333333333,888,6,0,VIP
798,728,3,20003.01,6667.669999999999,473,3,2,Leal
799,728,1,4500.6,4500.6,156,1,3,Ocasional
800,721,3,10910.25,3636.75,477,3,3,Ocasional
801,721,5,27144.84,5428.968,769,5,0,VIP
802,721,2,13581.95,6790.975,321,2,3,Ocasional
803,714,5,24531.49,4906.298000000001,747,5,0,VIP
804,714,3,14822.86,4940.953333333334,460,3,2,Leal
805,721,2,10287.699999999999,5143.849999999999,275,2,3,Ocasional
806,714,3,14927.93,4975.9766666666665,430,3,2,Leal
807,714,3,9077.51,3025.8366666666666,410,3,3,Ocasional
808,714,4,30358.309999999998,7589.577499999999,651,4,0,VIP
809,714,2,10243.720000000001,5121.860000000001,281,2,3,Ocasional
810,707,4,14409.72,3602.43,607,4,2,Leal
811,707,4,26302.06,6575.515,609,4,2,Leal
812,700,5,22176.96,4435.392,732,5,0,VIP
813,707,1,3471.0,3471.0,156,1,3,Ocasional
814,707,4,20592.690000000002,5148.172500000001,610,4,2,Leal
815,700,5,27141.260000000002,5428.252,742,5,0,VIP
816,700,2,11952.94,5976.47,321,2,3,Ocasional
817,700,3,11868.36,3956.1200000000003,426,3,3,Ocasional
818,693,3,20998.96,6999.653333333333,443,3,2,Leal
819,693,4,23775.31,5943.8275,577,4,2,Leal
820,693,3,9598.54,3199.513333333334,405,3,3,Ocasional
821,693,6,25007.04,4167.84,899,6,0,VIP
822,693,2,11927.880000000001,5963.9400000000005,301,2,3,Ocasional
823,693,2,14532.44,7266.22,296,2,3,Ocasional
824,686,4,23932.73,5983.1825,633,4,2,Leal
825,686,3,18354.36,6118.12,421,3,2,Leal
826,686,3,16126.51,5375.503333333333,400,3,2,Leal
827,679,4,15846.869999999999,3961.7174999999997,625,4,2,Leal
828,679,4,24267.89,6066.9725,624,4,2,Leal
829,679,2,9561.62,4780.81,298,2,3,Ocasional
830,679,3,19649.66,6549.886666666666,449,3,2,Leal
831,679,5,30086.64,6017.3279999999995,761,5,0,VIP
832,679,2,12023.63,6011.815,306,2,3,Ocasional
833,672,5,32141.940000000002,6428.388000000001,799,5,0,VIP
834,672,3,16571.86,5523.953333333334,454,3,2,Leal
835,672,2,14176.77,7088.385,286,2,3,Ocasional
836,665,4,26377.85,6594.4625,609,4,2,Leal
837,672,3,20223.37,6741.123333333333,471,3,2,Leal
838,665,3,19349.72,6449.906666666667,493,3,2,Leal
839,665,2,15658.59,7829.295,303,2,3,Ocasional
840,665,5,29391.55,5878.3099999999995,746,5,0,VIP
841,665,3,15530.11,5176.703333333334,496,3,2,Leal
842,658,5,25353.52,5070.704,797,5,0,VIP
843,658,3,16201.3,5400.433333333333,481,3,2,Leal
844,658,2,8200.880000000001,4100.4400000000005,280,2,3,Ocasional
845,658,3,13107.19,4369.0633333333335,437,3,2,Leal
846,658,4,25755.07,6438.7675,580,4,2,Leal
847,658,3,15853.76,5284.586666666667,452,3,2,Leal
848,651,3,23440.65,7813.55,479,3,2,Leal
849,651,4,19767.760000000002,4941.9400000000005,573,4,2,Leal
850,651,3,15751.7,5250.566666666667,435,3,2,Leal
851,644,4,33517.869999999995,8379.467499999999,650,4,0,VIP
852,644,4,24605.85,6151.4625,628,4,2,Leal
853,644,2,12715.79,6357.895,301,2,3,Ocasional
854,644,4,26046.2,6511.55,627,4,2,Leal
855,644,3,19274.87,6424.956666666666,457,3,2,Leal
856,644,3,12699.22,4233.073333333333,446,3,2,Leal
857,637,4,19105.239999999998,4776.3099999999995,576,4,2,Leal
858,637,5,27245.33,5449.066000000001,769,5,0,VIP
859,637,1,5979.2,5979.2,160,1,3,Ocasional
860,637,4,22844.1,5711.025,599,4,2,Leal
861,637,4,21878.97,5469.7425,597,4,2,Leal
862,630,2,7640.84,3820.42,311,2,3,Ocasional
863,630,2,7465.41,3732.705,313,2,3,Ocasional
864,630,7,49828.02,7118.288571428571,1084,7,0,VIP
865,630,1,8521.1,8521.1,185,1,3,Ocasional
866,623,2,9461.96,4730.98,302,2,3,Ocasional
867,623,5,27936.27,5587.254,723,5,0,VIP
868,623,3,15087.82,5029.2733333333335,408,3,2,Leal
869,623,4,18346.8,4586.7,578,4,2,Leal
870,623,4,20666.17,5166.5425,546,4,2,Leal
871,623,2,11968.75,5984.375,344,2,3,Ocasional
872,616,4,24826.54,6206.635,602,4,2,Leal
873,616,5,30098.620000000003,6019.724,761,5,0,VIP
874,616,1,2495.7,2495.7,141,1,3,Ocasional
875,609,3,21798.420000000002,7266.14,477,3,2,Leal
876,609,4,16529.2,4132.3,565,4,2,Leal
877,609,3,16524.22,5508.073333333334,460,3,2,Leal
878,609,5,26195.77,5239.154,710,5,0,VIP
879,609,3,14019.509999999998,4673.169999999999,481,3,2,Leal
880,609,2,6255.799999999999,3127.8999999999996,282,2,3,Ocasional
881,602,4,19526.84,4881.71,573,4,2,Leal
882,602,3,16480.84,5493.613333333334,430,3,2,Leal
883,602,3,13273.23,4424.41,462,3,2,Leal
884,602,4,18686.01,4671.5025,627,4,2,Leal
885,595,3,16511.51,5503.836666666666,438,3,2,Leal
886,595,3,21457.190000000002,7152.396666666667,460,3,2,Leal
887,595,4,14906.66,3726.665,622,4,2,Leal
888,595,3,15107.73,5035.91,414,3,2,Leal
889,595,3,16723.26,5574.419999999999,447,3,2,Leal
890,588,3,18726.92,6242.306666666666,424,3,2,Leal
891,588,3,12386.32,4128.7733333333335,455,3,2,Leal
892,588,4,24155.920000000002,6038.9800000000005,562,4,2,Leal
893,588,6,28160.98,4693.496666666667,894,6,0,VIP
894,588,2,11156.01,5578.005,329,2,3,Ocasional
895,588,2,6229.81,3114.905,296,2,3,Ocasional
896,581,3,12502.650000000001,4167.55,431,3,2,Leal
897,581,3,20481.48,6827.16,458,3,2,Leal
898,581,4,18900.11,4725.0275,606,4,2,Leal
899,574,5,19862.2,3972.44,722,5,2,Leal
900,574,3,23974.6,7991.533333333333,502,3,2,Leal
901,574,2,11068.27,5534.135,273,2,3,Ocasional
902,574,2,10175.47,5087.735,313,2,3,Ocasional
903,574,6,28061.16,4676.86,927,6,0,VIP
904,574,2,12844.27,6422.135,287,2,3,Ocasional
905,567,3,22403.39,7467.796666666666,456,3,2,Leal
906,567,4,24100.23,6025.0575,609,4,2,Leal
907,567,3,11837.0,3945.6666666666665,424,3,2,Leal
908,567,2,15141.759999999998,7570.879999999999,302,2,3,Ocasional
909,567,3,13167.02,4389.006666666667,446,3,2,Leal
910,560,5,24258.52,4851.704,755,5,0,VIP
911,560,6,25850.29,4308.381666666667,893,6,0,VIP
912,560,3,12651.94,4217.3133333333335,455,3,2,Leal
913,560,1,5631.69,5631.69,131,1,3,Ocasional
914,553,4,20071.309999999998,5017.827499999999,562,4,2,Leal
915,553,4,20917.08,5229.27,623,4,2,Leal
916,553,2,8370.49,4185.245,305,2,3,Ocasional
917,553,4,24348.260000000002,6087.0650000000005,641,4,2,Leal
918,553,3,23515.54,7838.513333333333,442,3,2,Leal
919,553,3,14621.19,4873.7300000000005,466,3,2,Leal
920,546,5,24001.370000000003,4800.274,794,5,0,VIP
921,546,4,21961.6,5490.4,610,4,2,Leal
922,546,1,4965.12,4965.12,144,1,3,Ocasional
923,539,7,41405.6,5915.085714285714,1087,7,0,VIP
924,539,2,14738.28,7369.14,314,2,3,Ocasional
925,546,1,8162.44,8162.44,143,1,3,Ocasional
926,539,1,4865.7,4865.7,147,1,3,Ocasional
927,539,4,17228.45,4307.1125,604,4,2,Leal
928,539,5,34266.2,6853.24,746,5,0,VIP
929,539,1,3530.82,3530.82,166,1,3,Ocasional
930,532,5,30377.55,6075.51,787,5,0,VIP
931,532,4,23175.37,5793.8425,556,4,2,Leal
932,532,4,24947.7,6236.925,600,4,2,Leal
933,532,2,13694.39,6847.195,314,2,3,Ocasional
934,525,4,20004.629999999997,5001.157499999999,597,4,2,Leal
935,525,2,9544.54,4772.27,307,2,3,Ocasional
936,525,6,25788.36,4298.06,929,6,0,VIP
937,525,2,10302.039999999999,5151.0199999999995,294,2,3,Ocasional
938,518,3,16443.84,5481.28,421,3,2,Leal
939,518,5,31924.34,6384.868,757,5,0,VIP
940,518,2,13395.45,6697.725,320,2,3,Ocasional
941,518,2,8366.66,4183.33,302,2,3,Ocasional
942,518,5,26603.31,5320.662,712,5,0,VIP
943,518,3,18630.800000000003,6210.266666666667,436,3,2,Leal
944,511,7,31062.39,4437.484285714286,956,7,0,VIP
945,511,2,8533.1,4266.55,298,2,3,Ocasional
946,511,1,3282.08,3282.08,146,1,3,Ocasional
947,504,6,37159.81,6193.301666666666,937,6,0,VIP
948,504,2,12192.93,6096.465,286,2,3,Ocasional
949,504,2,12698.2,6349.1,311,2,3,Ocasional
950,504,6,34393.340000000004,5732.223333333334,895,6,0,VIP
951,504,1,6531.24,6531.24,148,1,3,Ocasional
952,504,3,10872.25,3624.0833333333335,467,3,3,Ocasional
953,497,4,14612.26,3653.065,569,4,2,Leal
954,497,5,19500.39,3900.078,779,5,2,Leal
955,497,1,1713.04,1713.04,152,1,3,Ocasional
956,497,3,18298.44,6099.48,462,3,2,Leal
957,490,6,28852.23,4808.705,888,6,0,VIP
958,497,1,7069.74,7069.74,141,1,3,Ocasional
959,490,4,16896.84,4224.21,593,4,2,Leal
960,490,2,7191.24,3595.62,301,2,3,Ocasional
961,490,4,19136.739999999998,4784.1849999999995,586,4,2,Leal
962,483,4,22808.0,5702.0,608,4,2,Leal
963,483,2,10049.95,5024.975,303,2,3,Ocasional
964,483,4,25861.620000000003,6465.405000000001,609,4,2,Leal
965,483,5,25338.49,5067.698,761,5,0,VIP
966,483,2,7931.98,3965.99,306,2,3,Ocasional
967,483,3,11738.95,3912.9833333333336,418,3,2,Leal
968,476,5,27846.739999999998,5569.348,798,5,0,VIP
969,476,4,22107.79,5526.9475,611,4,2,Leal
970,476,1,3579.6,3579.6,120,1,3,Ocasional
971,469,3,17879.02,5959.673333333333,423,3,2,Leal
972,469,5,30839.949999999997,6167.99,809,5,0,VIP
973,469,2,13900.17,6950.085,319,2,3,Ocasional
974,469,4,23174.600000000002,5793.650000000001,609,4,2,Leal
975,469,4,18168.86,4542.215,593,4,2,Leal
976,469,2,10054.59,5027.295,287,2,3,Ocasional
977,462,7,39092.75,5584.678571428572,1072,7,0,VIP
978,462,1,6324.5,6324.5,130,1,3,Ocasional
979,462,2,10017.8,5008.9,292,2,3,Ocasional
980,462,4,25134.32,6283.58,616,4,2,Leal
981,455,2,12482.4,6241.2,312,2,3,Ocasional
982,455,4,24954.47,6238.6175,628,4,2,Leal
983,455,3,12362.26,4120.753333333333,442,3,2,Leal
984,455,5,23184.42,4636.884,780,5,2,Leal
985,455,2,12639.669999999998,6319.834999999999,314,2,3,Ocasional
986,448,5,12941.54,2588.308,740,5,2,Leal
987,455,1,3906.63,3906.63,159,1,3,Ocasional
988,448,4,18285.45,4571.3625,555,4,2,Leal
989,448,3,20804.06,6934.686666666667,460,3,2,Leal
990,448,3,15813.75,5271.25,455,3,2,Leal
991,448,4,26029.69,6507.4225,614,4,2,Leal
992,441,3,10983.45,3661.15,437,3,3,Ocasional
993,441,2,7193.3,3596.65,294,2,3,Ocasional
994,441,5,34148.92,6829.784,775,5,0,VIP
995,434,4,20621.63,5155.4075,591,4,2,Leal
996,434,3,15510.5,5170.166666666667,452,3,2,Leal
997,434,3,16989.83,5663.276666666668,417,3,2,Leal
998,434,3,14065.02,4688.34,446,3,2,Leal
999,434,3,13320.130000000001,4440.043333333334,468,3,2,Leal
1000,434,4,19148.88,4787.22,625,4,2,Leal
1001,427,7,34009.9,4858.557142857143,1027,7,0,VIP
1002,434,1,6323.24,6323.24,154,1,3,Ocasional
1003,427,2,6282.8099999999995,3141.4049999999997,324,2,3,Ocasional
1004,427,4,19045.260000000002,4761.3150000000005,591,4,2,Leal
1005,420,4,19376.4,4844.1,575,4,2,Leal
1006,420,2,4835.71,2417.855,297,2,3,Ocasional
1007,420,6,34450.16,5741.693333333334,904,6,0,VIP
1008,420,3,17717.97,5905.990000000001,433,3,2,Leal
1009,420,1,5828.26,5828.26,166,1,3,Ocasional
1010,413,4,20895.94,5223.985,600,4,2,Leal
1011,413,3,19762.73,6587.576666666667,433,3,2,Leal
1012,413,3,17912.37,5970.79,443,3,2,Leal
1013,413,3,15334.95,5111.650000000001,435,3,2,Leal
1014,413,4,17616.120000000003,4404.030000000001,509,4,2,Leal
1015,413,3,8562.6,2854.2000000000003,405,3,3,Ocasional
1016,406,4,18485.9,4621.475,618,4,2,Leal
1017,406,5,23302.15,4660.43,747,5,2,Leal
1018,406,1,2083.5,2083.5,150,1,3,Ocasional
1019,399,5,28223.67,5644.7339999999995,775,5,0,VIP
1020,399,4,22273.09,5568.2725,585,4,2,Leal
1021,399,1,4110.16,4110.16,166,1,3,Ocasional
1022,399,5,24170.37,4834.074,712,5,2,Leal
1023,399,2,11936.7,5968.35,282,2,3,Ocasional
1024,399,3,14111.45,4703.816666666667,393,3,2,Leal
1025,392,4,11147.34,2786.835,620,4,2,Leal
1026,392,5,29940.7,5988.14,709,5,0,VIP
1027,392,1,8331.34,8331.34,158,1,3,Ocasional
1028,385,6,27386.02,4564.336666666667,996,6,0,VIP
1029,392,1,3828.0,3828.0,145,1,3,Ocasional
1030,385,3,14064.699999999999,4688.233333333333,463,3,2,Leal
1031,385,4,21092.42,5273.105,638,4,2,Leal
1032,385,4,23137.64,5784.41,620,4,2,Leal
1033,385,2,9137.91,4568.955,318,2,3,Ocasional
1034,378,3,14000.98,4666.993333333333,462,3,2,Leal
1035,378,4,22687.510000000002,5671.8775000000005,647,4,2,Leal
1036,378,3,20850.53,6950.176666666666,450,3,2,Leal
1037,378,4,18629.16,4657.29,602,4,2,Leal
1038,378,5,30762.5,6152.5,772,5,0,VIP
1039,378,1,7068.82,7068.82,127,1,3,Ocasional
1040,371,6,27386.46,4564.41,947,6,0,VIP
1041,371,2,10142.11,5071.055,296,2,3,Ocasional
1042,371,2,11218.55,5609.275,301,2,3,Ocasional
1043,364,6,26783.59,4463.931666666666,912,6,0,VIP
1044,371,2,11208.93,5604.465,305,2,3,Ocasional
1045,364,2,6414.73,3207.365,301,2,3,Ocasional
1046,364,5,28459.78,5691.956,752,5,0,VIP
1047,364,3,8892.849999999999,2964.283333333333,462,3,3,Ocasional
1048,364,2,12247.2,6123.6,305,2,3,Ocasional
1049,357,2,11198.24,5599.12,300,2,3,Ocasional
1050,357,5,15358.94,3071.788,775,5,2,Leal
1051,357,3,15537.880000000001,5179.293333333334,433,3,2,Leal
1052,350,5,33467.1,6693.42,736,5,0,VIP
1053,357,1,5068.45,5068.45,167,1,3,Ocasional
1054,357,4,18397.809999999998,4599.452499999999,571,4,2,Leal
1055,350,7,34872.68,4981.811428571428,1078,7,0,VIP
1056,350,1,5727.41,5727.41,169,1,3,Ocasional
1057,350,2,9750.1,4875.05,295,2,3,Ocasional
1058,343,3,13044.84,4348.28,457,3,2,Leal
1059,343,4,24966.23,6241.5575,635,4,2,Leal
1060,343,3,21246.35,7082.116666666666,437,3,2,Leal
1061,343,3,16818.54,5606.18,478,3,2,Leal
1062,343,3,24339.78,8113.259999999999,481,3,2,Leal
1063,343,4,20354.81,5088.7025,637,4,2,Leal
1064,336,3,12227.46,4075.8199999999997,453,3,2,Leal
1065,336,2,13064.7,6532.35,337,2,3,Ocasional
1066,336,5,26394.1,5278.82,759,5,2,Leal
1067,329,3,13870.98,4623.66,450,3,2,Leal
1068,336,3,15070.05,5023.349999999999,440,3,2,Leal
1069,329,4,17166.57,4291.6425,540,4,2,Leal
1070,329,6,29843.010000000002,4973.835,902,6,0,VIP
1071,329,2,6797.74,3398.87,313,2,3,Ocasional
1072,329,2,9498.599999999999,4749.299999999999,305,2,3,Ocasional
1073,322,4,25950.18,6487.545,630,4,2,Leal
1074,322,4,22759.0,5689.75,564,4,2,Leal
1075,322,2,9647.71,4823.855,327,2,3,Ocasional
1076,322,3,17502.04,5834.013333333333,443,3,2,Leal
1077,322,3,18605.89,6201.963333333333,451,3,2,Leal
1078,315,4,16671.760000000002,4167.9400000000005,570,4,2,Leal
1079,315,5,29831.54,5966.308,763,5,0,VIP
1080,315,3,9119.62,3039.8733333333334,447,3,3,Ocasional
1081,315,2,10360.28,5180.14,308,2,3,Ocasional
1082,308,3,11521.77,3840.59,441,3,2,Leal
1083,315,1,4813.38,4813.38,143,1,3,Ocasional
1084,308,6,28717.92,4786.32,876,6,0,VIP
1085,308,4,27806.93,6951.7325,589,4,2,Leal
1086,308,3,13531.64,4510.546666666666,473,3,2,Leal
1087,308,3,15862.599999999999,5287.533333333333,411,3,2,Leal
1088,301,5,34408.97,6881.794,743,5,0,VIP
1089,301,2,8993.14,4496.57,290,2,3,Ocasional
1090,301,3,7541.299999999999,2513.7666666666664,432,3,3,Ocasional
1091,294,4,16976.65,4244.1625,573,4,2,Leal
1092,294,5,31776.84,6355.368,697,5,0,VIP
1093,301,1,4134.4,4134.4,152,1,3,Ocasional
1094,294,6,36218.28,6036.38,946,6,0,VIP
1095,294,2,5623.860000000001,2811.9300000000003,324,2,3,Ocasional
1096,294,2,10285.78,5142.89,311,2,3,Ocasional
1097,287,4,21481.79,5370.4475,609,4,2,Leal
1098,287,5,18119.97,3623.994,752,5,2,Leal
1099,287,1,5449.95,5449.95,135,1,3,Ocasional
1100,287,3,10039.4,3346.4666666666667,426,3,3,Ocasional
1101,280,5,32609.839999999997,6521.967999999999,758,5,0,VIP
1102,287,2,15968.05,7984.025,335,2,3,Ocasional
1103,280,3,12356.55,4118.849999999999,480,3,2,Leal
1104,280,4,20548.16,5137.04,583,4,2,Leal
1105,280,3,10910.11,3636.7033333333334,470,3,2,Leal
1106,273,2,12643.02,6321.51,314,2,3,Ocasional
1107,273,5,24174.260000000002,4834.852000000001,754,5,2,Leal
1108,273,3,15516.740000000002,5172.246666666667,450,3,2,Leal
1109,273,8,36619.1,4577.3875,1184,8,0,VIP
1110,273,2,8579.55,4289.775,296,2,3,Ocasional
1111,266,6,32205.61,5367.6016666666665,922,6,0,VIP
1112,266,1,6387.0,6387.0,150,1,3,Ocasional
1113,266,3,16181.140000000001,5393.713333333334,472,3,2,Leal
1114,259,4,9523.6,2380.9,601,4,2,Leal
1115,259,2,11456.21,5728.105,296,2,3,Ocasional
1116,259,4,14207.21,3551.8025,592,4,2,Leal
1117,259,6,35461.29,5910.215,918,6,0,VIP
1118,259,4,13947.67,3486.9175,582,4,2,Leal
1119,252,4,25000.31,6250.0775,592,4,2,Leal
1120,252,3,23969.34,7989.78,451,3,2,Leal
1121,252,3,12769.31,4256.4366666666665,465,3,2,Leal
1122,252,5,26122.66,5224.532,759,5,2,Leal
1123,245,3,14585.189999999999,4861.73,456,3,2,Leal
1124,245,2,11237.939999999999,5618.969999999999,280,2,3,Ocasional
1125,245,6,30306.260000000002,5051.043333333334,918,6,0,VIP
1126,245,2,13498.08,6749.04,299,2,3,Ocasional
1127,245,2,11751.39,5875.695,301,2,3,Ocasional
1128,238,3,13916.51,4638.836666666667,447,3,2,Leal
1129,238,6,29656.57,4942.761666666666,924,6,0,VIP
1130,238,1,4590.7,4590.7,145,1,3,Ocasional
1131,238,2,9702.7,4851.35,319,2,3,Ocasional
1132,238,5,28234.829999999998,5646.965999999999,766,5,0,VIP
1133,238,3,21174.440000000002,7058.146666666667,458,3,2,Leal
1134,231,4,26826.11,6706.5275,592,4,2,Leal
1135,231,2,11529.84,5764.92,301,2,3,Ocasional
1136,231,4,25012.81,6253.2025,622,4,2,Leal
1137,224,5,25816.809999999998,5163.361999999999,762,5,2,Leal
1138,224,5,26036.550000000003,5207.31,735,5,2,Leal
1139,224,3,19468.739999999998,6489.579999999999,447,3,2,Leal
1140,224,7,44581.64,6368.805714285714,1060,7,0,VIP
1141,217,4,28077.120000000003,7019.280000000001,589,4,2,Leal
1142,217,5,23639.08,4727.816000000001,729,5,2,Leal
1143,217,1,5741.45,5741.45,143,1,3,Ocasional
1144,217,5,22899.190000000002,4579.838000000001,777,5,2,Leal
1145,217,1,2630.54,2630.54,121,1,3,Ocasional
1146,210,4,21749.18,5437.295,579,4,2,Leal
1147,210,3,17926.86,5975.62,474,3,2,Leal
1148,210,4,26484.96,6621.24,629,4,2,Leal
1149,210,3,8767.939999999999,2922.646666666666,453,3,3,Ocasional
1150,203,5,29647.64,5929.528,751,5,0,VIP
1151,203,4,30512.289999999997,7628.072499999999,598,4,2,Leal
1152,203,1,5213.04,5213.04,174,1,3,Ocasional
1153,203,6,35508.53,5918.088333333333,942,6,0,VIP
1154,203,3,16396.26,5465.419999999999,447,3,2,Leal
1155,203,1,7536.16,7536.16,148,1,3,Ocasional
1156,196,3,11695.18,3898.3933333333334,404,3,2,Leal
1157,196,4,19938.02,4984.505,610,4,2,Leal
1158,196,3,19124.16,6374.72,471,3,2,Leal
1159,189,3,19112.54,6370.846666666667,444,3,2,Leal
1160,189,4,22081.19,5520.2975,576,4,2,Leal
1161,189,3,19866.71,6622.236666666667,441,3,2,Leal
1162,189,3,12285.83,4095.2766666666666,479,3,2,Leal
1163,189,3,15386.32,5128.7733333333335,468,3,2,Leal
1164,189,4,27057.68,6764.42,598,4,2,Leal
1165,182,5,23823.4,4764.68,704,5,2,Leal
1166,182,2,11561.18,5780.59,314,2,3,Ocasional
1167,182,3,20850.33,6950.110000000001,460,3,2,Leal
1168,182,4,14501.59,3625.3975,573,4,2,Leal
1169,175,4,27835.6,6958.9,587,4,2,Leal
1170,175,2,9509.58,4754.79,308,2,3,Ocasional
1171,175,2,13704.02,6852.01,311,2,3,Ocasional
1172,175,5,22595.32,4519.064,706,5,2,Leal
1173,175,3,13803.730000000001,4601.243333333334,439,3,2,Leal
1174,168,7,38957.93,5565.418571428571,1033,7,0,VIP
1175,168,3,17334.98,5778.326666666667,468,3,2,Leal
1176,168,5,25964.980000000003,5192.996000000001,733,5,2,Leal
1177,168,2,12481.23,6240.615,299,2,3,Ocasional
1178,168,3,7894.54,2631.5133333333333,439,3,3,Ocasional
1179,161,6,34865.78,5810.963333333333,911,6,0,VIP
1180,161,2,8577.07,4288.535,298,2,3,Ocasional
1181,161,2,9718.650000000001,4859.325000000001,285,2,3,Ocasional
1182,161,4,24271.0,6067.75,599,4,2,Leal
1183,154,5,18332.29,3666.458,779,5,2,Leal
1184,154,1,5344.29,5344.29,153,1,3,Ocasional
1185,154,5,29287.23,5857.446,736,5,0,VIP
1186,154,4,15245.970000000001,3811.4925000000003,610,4,2,Leal
1187,154,1,2778.3,2778.3,147,1,3,Ocasional
1188,154,2,6989.1,3494.55,286,2,3,Ocasional
1189,147,5,37710.08,7542.0160000000005,792,5,0,VIP
1190,147,3,17851.61,5950.536666666667,451,3,2,Leal
1191,140,7,43195.39,6170.7699999999995,1091,7,0,VIP
1192,147,2,12531.45,6265.725,305,2,3,Ocasional
1193,147,1,1855.37,1855.37,167,1,3,Ocasional
1194,140,3,10644.77,3548.2566666666667,456,3,2,Leal
1195,140,1,3249.4,3249.4,140,1,3,Ocasional
1196,140,6,31008.92,5168.153333333333,936,6,0,VIP
1197,133,3,15889.17,5296.39,436,3,2,Leal
1198,133,4,18898.23,4724.5575,610,4,2,Leal
1199,133,3,18550.4,6183.466666666667,482,3,2,Leal
1200,133,2,3943.2,1971.6,312,2,3,Ocasional
1201,133,5,23386.0,4677.2,754,5,2,Leal
1202,133,3,11306.7,3768.9,430,3,2,Leal
1203,126,5,25526.22,5105.244000000001,751,5,2,Leal
1204,126,2,9053.55,4526.775,310,2,3,Ocasional
1205,126,3,23510.0,7836.666666666667,497,3,2,Leal
1206,119,4,17435.62,4358.905,626,4,2,Leal
1207,126,2,12153.75,6076.875,297,2,3,Ocasional
1208,119,4,17379.7,4344.925,610,4,2,Leal
1209,119,3,14180.73,4726.91,452,3,2,Leal
1210,119,4,17262.66,4315.665,596,4,2,Leal
1211,119,3,19122.83,6374.276666666668,423,3,2,Leal
1212,112,2,14179.27,7089.635,329,2,3,Ocasional
1213,112,4,21455.06,5363.765,559,4,2,Leal
1214,112,4,23998.53,5999.6325,633,4,2,Leal
1215,105,7,43230.47,6175.7814285714285,1058,7,0,VIP
1216,112,2,10896.8,5448.4,280,2,3,Ocasional
1217,112,1,3456.9,3456.9,138,1,3,Ocasional
1218,105,5,33217.54,6643.508,774,5,0,VIP
1219,105,3,19170.54,6390.18,463,3,2,Leal
1220,105,2,11302.2,5651.1,296,2,3,Ocasional
1221,98,5,20031.84,4006.368,773,5,2,Leal
1222,98,2,9454.32,4727.16,292,2,3,Ocasional
1223,98,3,12365.68,4121.893333333333,479,3,2,Leal
1224,98,6,35978.09,5996.348333333332,918,6,0,VIP
1225,98,3,13615.220000000001,4538.406666666667,440,3,2,Leal
1226,98,1,7415.19,7415.19,141,1,3,Ocasional
1227,91,5,23969.57,4793.914,741,5,2,Leal
1228,91,3,20923.53,6974.509999999999,495,3,2,Leal
1229,91,2,14298.18,7149.09,299,2,3,Ocasional
1230,84,6,33814.29,5635.715,883,6,0,VIP
1231,91,2,11865.98,5932.99,281,2,3,Ocasional
1232,84,2,3805.87,1902.935,295,2,3,Ocasional
1233,84,2,11028.29,5514.145,317,2,3,Ocasional
1234,84,4,19442.25,4860.5625,650,4,2,Leal
1235,84,4,17037.199999999997,4259.299999999999,589,4,2,Leal
1236,77,4,20048.440000000002,5012.110000000001,600,4,2,Leal
1237,77,4,12143.919999999998,3035.9799999999996,587,4,2,Leal
1238,77,2,7136.37,3568.185,297,2,3,Ocasional
1239,77,3,11006.02,3668.6733333333336,435,3,2,Leal
1240,70,2,12238.65,6119.325,302,2,3,Ocasional
1241,70,5,31163.129999999997,6232.625999999999,791,5,0,VIP
1242,70,2,8812.4,4406.2,278,2,3,Ocasional
1243,70,3,14018.26,4672.753333333333,419,3,2,Leal
1244,70,5,28112.95,5622.59,797,5,2,Leal
1245,63,3,13837.57,4612.5233333333335,439,3,2,Leal
1246,63,3,18584.02,6194.673333333333,448,3,2,Leal
1247,63,4,17136.32,4284.08,584,4,2,Leal
1248,63,3,11435.79,3811.9300000000003,436,3,2,Leal
1249,63,2,8349.07,4174.535,292,2,3,Ocasional
1250,63,5,25967.0,5193.4,745,5,2,Leal
1251,56,5,20035.719999999998,4007.1439999999993,785,5,2,Leal
1252,56,4,22330.41,5582.6025,587,4,2,Leal
1253,56,1,7044.24,7044.24,147,1,3,Ocasional
1254,56,3,18947.09,6315.696666666667,469,3,2,Leal
1255,49,7,35319.53,5045.647142857143,1016,7,0,VIP
1256,49,3,19585.29,6528.43,440,3,2,Leal
1257,49,3,17194.35,5731.45,436,3,2,Leal
1258,49,4,15709.27,3927.3175,604,4,2,Leal
1259,42,5,29963.08,5992.616,727,5,2,Leal
1260,42,3,15241.74,5080.58,454,3,2,Leal
1261,42,2,8655.05,4327.525,294,2,3,Ocasional
1262,42,3,14663.1,4887.7,458,3,2,Leal
1263,35,3,11945.73,3981.91,448,3,2,Leal
1264,35,4,21562.87,5390.7175,591,4,2,Leal
1265,35,3,18330.92,6110.306666666666,476,3,2,Leal
1266,35,4,23230.21,5807.5525,541,4,2,Leal
1267,35,3,17509.489999999998,5836.496666666666,479,3,2,Leal
1268,28,8,37065.71,4633.21375,1213,8,0,VIP
1269,28,2,12623.060000000001,6311.530000000001,304,2,3,Ocasional
1270,28,6,19140.18,3190.03,867,6,2,Leal
1271,28,1,5028.2,5028.2,155,1,3,Ocasional
1272,28,3,16708.45,5569.483333333334,482,3,2,Leal
1273,21,3,20381.65,6793.883333333334,475,3,2,Leal
1274,21,4,22983.16,5745.79,576,4,2,Leal
1275,21,3,14200.68,4733.56,451,3,2,Leal
1276,14,4,22180.010000000002,5545.0025000000005,608,4,2,Leal
1277,14,5,27012.72,5402.544,739,5,2,Leal
1278,21,1,7357.12,7357.12,166,1,3,Ocasional
1279,14,2,7789.62,3894.81,294,2,3,Ocasional
1280,14,4,14899.14,3724.785,564,4,2,Leal
1281,14,4,17416.86,4354.215,609,4,2,Leal
1282,7,3,12792.619999999999,4264.206666666666,448,3,2,Leal
1283,7,4,18865.85,4716.4625,583,4,2,Leal
1284,7,3,9028.369999999999,3009.4566666666665,499,3,3,Ocasional
1285,0,4,14715.5,3678.875,610,4,2,Leal
1286,7,4,18167.84,4541.96,567,4,2,Leal
1287,0,2,8793.48,4396.74,312,2,3,Ocasional
1288,0,3,21562.87,7187.623333333333,445,3,2,Leal
1289,0,4,16875.37,4218.8425,570,4,2,Leal
1290,0,3,16542.83,5514.276666666668,448,3,2,Leal
1291,0,2,9208.52,4604.26,326,2,3,Ocasional
1292,0,2,9019.36,4509.68,328,2,3,Ocasional
