video_id,date,product_promoted,content_type,creator_tier,followers,views,likes,comments,shares,saves,duration_seconds,completion_rate,engagement_rate,year,month,day_of_week,is_weekend,week,platform
TT000000,2020-01-08,BCAA,review,nano,8921,17884,980,202,45,44,21,0.702,0.0548,2020,1,2,0,2,tiktok
TT000001,2020-01-11,Pre-Workout,tutorial,nano,1517,28927,1012,201,120,116,76,0.492,0.035,2020,1,5,1,2,tiktok
TT000002,2020-01-14,Pre-Workout,transformation,mid,85643,115115,3840,1385,480,382,114,0.722,0.0334,2020,1,1,0,3,tiktok
TT000003,2020-01-15,Vitamin C,tutorial,nano,2469,41008,2207,452,271,103,173,0.674,0.0538,2020,1,2,0,3,tiktok
TT000004,2020-01-16,Whey Protein,before_after,macro,486128,296591,11479,3364,2431,1030,162,0.853,0.0387,2020,1,3,0,3,tiktok
TT000005,2020-01-20,Fish Oil,challenge,nano,9235,17378,587,130,151,68,24,0.496,0.0338,2020,1,0,0,4,tiktok
TT000006,2020-01-21,Fish Oil,transformation,nano,9458,40028,2063,226,154,103,114,0.67,0.0515,2020,1,1,0,4,tiktok
TT000007,2020-01-23,BCAA,transformation,nano,4800,32130,1886,284,217,75,137,0.465,0.0587,2020,1,3,0,4,tiktok
TT000008,2020-01-24,Creatina,tutorial,micro,29077,119615,6443,1154,345,277,167,0.678,0.0539,2020,1,4,0,4,tiktok
TT000009,2020-01-25,BCAA,challenge,mid,92770,139236,7689,939,612,386,39,0.873,0.0552,2020,1,5,1,4,tiktok
TT000010,2020-01-26,Multivitamin,challenge,micro,49825,85894,3977,595,246,359,110,0.862,0.0463,2020,1,6,1,4,tiktok
TT000011,2020-01-28,BCAA,tutorial,nano,1853,33421,1405,184,273,132,91,0.583,0.0421,2020,1,1,0,5,tiktok
TT000012,2020-01-29,Creatina,challenge,macro,364544,525780,31967,4376,4068,1336,90,0.882,0.0608,2020,1,2,0,5,tiktok
TT000013,2020-01-31,BCAA,challenge,nano,6742,34607,1360,275,214,84,165,0.607,0.0393,2020,1,4,0,5,tiktok
TT000014,2020-02-03,Creatina,before_after,micro,10581,96427,3000,839,562,269,143,0.643,0.0311,2020,2,0,0,6,tiktok
TT000015,2020-02-04,Creatina,transformation,nano,8861,37418,1709,152,280,107,167,0.603,0.0457,2020,2,1,0,6,tiktok
TT000016,2020-02-07,Multivitamin,tutorial,mid,197126,130677,7458,604,776,485,19,0.545,0.0571,2020,2,4,0,6,tiktok
TT000017,2020-02-09,Creatina,tutorial,mid,172858,102366,3720,431,736,291,126,0.831,0.0363,2020,2,6,1,6,tiktok
TT000018,2020-02-12,BCAA,before_after,micro,24713,106770,4709,488,292,413,46,0.668,0.0441,2020,2,2,0,7,tiktok
TT000019,2020-02-19,Multivitamin,review,nano,3746,15201,471,136,100,29,112,0.764,0.031,2020,2,2,0,8,tiktok
TT000020,2020-02-20,Whey Protein,tutorial,nano,8657,19233,566,158,119,45,151,0.742,0.0295,2020,2,3,0,8,tiktok
TT000021,2020-02-25,Pre-Workout,tutorial,mid,83538,166521,6605,1459,1095,397,93,0.521,0.0397,2020,2,1,0,9,tiktok
TT000022,2020-02-27,BCAA,transformation,nano,9217,21993,663,196,154,74,136,0.895,0.0301,2020,2,3,0,9,tiktok
TT000023,2020-02-29,Creatina,tutorial,mid,81309,126578,7159,1372,323,323,159,0.414,0.0566,2020,2,5,1,9,tiktok
TT000024,2020-03-01,Pre-Workout,challenge,nano,1682,44328,1453,340,238,150,175,0.699,0.0328,2020,3,6,1,9,tiktok
TT000025,2020-03-03,Fish Oil,transformation,nano,7669,18085,567,189,115,35,57,0.539,0.0314,2020,3,1,0,10,tiktok
TT000026,2020-03-05,Vitamin C,tutorial,nano,5532,21962,1279,103,66,69,101,0.745,0.0583,2020,3,3,0,10,tiktok
TT000027,2020-03-09,Multivitamin,before_after,micro,38776,166595,8390,2806,1337,845,119,0.79,0.0504,2020,3,0,0,11,tiktok
TT000028,2020-03-11,Pre-Workout,challenge,micro,14370,106843,6240,840,1028,340,115,0.671,0.0584,2020,3,2,0,11,tiktok
TT000029,2020-03-12,Creatina,transformation,macro,606018,600240,40802,9440,4207,1519,50,0.863,0.068,2020,3,3,0,11,tiktok
TT000030,2020-03-14,Fish Oil,transformation,micro,46415,83571,4767,753,224,300,162,0.413,0.057,2020,3,5,1,11,tiktok
TT000031,2020-03-17,Creatina,before_after,nano,5168,32738,1315,286,288,92,49,0.889,0.0402,2020,3,1,0,12,tiktok
TT000032,2020-03-19,Multivitamin,transformation,mid,67265,277918,17173,2298,1752,1067,55,0.521,0.0618,2020,3,3,0,12,tiktok
TT000033,2020-03-21,BCAA,before_after,micro,45558,96096,4108,565,325,260,48,0.85,0.0427,2020,3,5,1,12,tiktok
TT000034,2020-03-22,Pre-Workout,tutorial,nano,2835,23962,1056,153,87,54,144,0.479,0.0441,2020,3,6,1,12,tiktok
TT000035,2020-03-24,Vitamin C,before_after,micro,46976,63017,2806,666,263,141,43,0.473,0.0445,2020,3,1,0,13,tiktok
TT000036,2020-03-26,Creatina,transformation,nano,5506,17317,650,201,139,47,40,0.688,0.0376,2020,3,3,0,13,tiktok
TT000037,2020-03-27,Multivitamin,before_after,macro,687041,250688,9323,1091,992,594,115,0.5,0.0372,2020,3,4,0,13,tiktok
TT000038,2020-03-28,Whey Protein,transformation,micro,14264,113169,3991,1046,797,156,136,0.665,0.0353,2020,3,5,1,13,tiktok
TT000039,2020-04-02,Multivitamin,transformation,nano,5787,42356,1999,355,255,65,28,0.753,0.0472,2020,4,3,0,14,tiktok
TT000040,2020-04-04,Fish Oil,tutorial,macro,326824,342322,15689,2817,1245,901,110,0.414,0.0458,2020,4,5,1,14,tiktok
TT000041,2020-04-11,Vitamin C,before_after,micro,16935,68266,2168,366,400,229,52,0.417,0.0318,2020,4,5,1,15,tiktok
TT000042,2020-04-12,Multivitamin,before_after,mid,89223,188500,7529,1373,1017,353,92,0.825,0.0399,2020,4,6,1,15,tiktok
TT000043,2020-04-16,Multivitamin,review,macro,418681,347280,18792,4066,2639,1358,75,0.49,0.0541,2020,4,3,0,16,tiktok
TT000044,2020-04-18,BCAA,review,nano,3202,55924,3760,597,416,119,171,0.866,0.0672,2020,4,5,1,16,tiktok
TT000045,2020-04-23,Pre-Workout,tutorial,micro,35526,94624,7150,802,519,383,175,0.88,0.0756,2020,4,3,0,17,tiktok
TT000046,2020-04-24,Creatina,before_after,micro,31682,56710,3082,391,223,119,19,0.559,0.0544,2020,4,4,0,17,tiktok
TT000047,2020-04-25,Fish Oil,before_after,micro,33027,89073,2785,750,336,248,15,0.664,0.0313,2020,4,5,1,17,tiktok
TT000048,2020-04-26,Vitamin C,tutorial,nano,8820,37460,1517,314,305,114,153,0.669,0.0405,2020,4,6,1,17,tiktok
TT000049,2020-04-27,Creatina,before_after,nano,6993,33082,956,238,245,81,45,0.822,0.0289,2020,4,0,0,18,tiktok
TT000050,2020-05-07,Vitamin C,review,nano,2497,51518,2957,240,379,152,114,0.488,0.0574,2020,5,3,0,19,tiktok
TT000051,2020-05-09,Multivitamin,review,nano,7346,26960,1064,174,133,76,164,0.517,0.0395,2020,5,5,1,19,tiktok
TT000052,2020-05-10,Multivitamin,challenge,nano,4516,43039,1873,364,268,133,166,0.789,0.0435,2020,5,6,1,19,tiktok
TT000053,2020-05-11,Pre-Workout,before_after,nano,4565,30253,1070,150,190,62,149,0.693,0.0354,2020,5,0,0,20,tiktok
TT000054,2020-05-12,Multivitamin,review,mid,65151,176620,9192,1756,705,474,52,0.531,0.052,2020,5,1,0,20,tiktok
TT000055,2020-05-13,Fish Oil,tutorial,micro,34935,76897,3107,618,325,159,161,0.558,0.0404,2020,5,2,0,20,tiktok
TT000056,2020-05-14,BCAA,tutorial,nano,9316,17748,550,81,129,25,96,0.601,0.031,2020,5,3,0,20,tiktok
TT000057,2020-05-16,Vitamin C,tutorial,mid,112439,152357,8907,1559,859,276,103,0.765,0.0585,2020,5,5,1,20,tiktok
TT000058,2020-05-17,Whey Protein,challenge,nano,1948,35880,1892,305,257,125,40,0.468,0.0528,2020,5,6,1,20,tiktok
TT000059,2020-05-18,Fish Oil,before_after,macro,296903,387990,12495,2213,2182,1372,28,0.534,0.0322,2020,5,0,0,21,tiktok
TT000060,2020-05-20,Creatina,challenge,mid,125591,206855,8339,1238,1678,503,175,0.523,0.0403,2020,5,2,0,21,tiktok
TT000061,2020-05-21,BCAA,review,mid,77439,114257,4641,1176,808,344,116,0.463,0.0406,2020,5,3,0,21,tiktok
TT000062,2020-05-22,Pre-Workout,tutorial,nano,1699,25464,1247,296,128,81,170,0.567,0.049,2020,5,4,0,21,tiktok
TT000063,2020-05-24,Vitamin C,transformation,nano,1433,39283,1616,194,264,95,80,0.461,0.0411,2020,5,6,1,21,tiktok
TT000064,2020-05-25,Multivitamin,review,nano,7504,41678,1647,352,313,144,54,0.452,0.0395,2020,5,0,0,22,tiktok
TT000065,2020-05-26,Multivitamin,before_after,nano,5709,24363,953,142,169,37,179,0.481,0.0391,2020,5,1,0,22,tiktok
TT000066,2020-05-30,Fish Oil,before_after,nano,3928,27193,674,132,51,25,23,0.855,0.0248,2020,5,5,1,22,tiktok
TT000067,2020-06-02,Pre-Workout,tutorial,micro,43730,72202,2085,508,169,109,92,0.885,0.0289,2020,6,1,0,23,tiktok
TT000068,2020-06-04,Pre-Workout,before_after,macro,971128,239755,8152,1764,372,304,60,0.406,0.034,2020,6,3,0,23,tiktok
TT000069,2020-06-05,BCAA,transformation,nano,6207,38901,1474,314,178,72,160,0.712,0.0379,2020,6,4,0,23,tiktok
TT000070,2020-06-07,Whey Protein,transformation,nano,9473,18999,758,185,96,50,31,0.428,0.0399,2020,6,6,1,23,tiktok
TT000071,2020-06-09,Vitamin C,before_after,nano,5239,17668,860,72,44,45,39,0.802,0.0487,2020,6,1,0,24,tiktok
TT000072,2020-06-10,Multivitamin,before_after,micro,40014,48150,1694,453,132,151,164,0.652,0.0352,2020,6,2,0,24,tiktok
TT000073,2020-06-13,Whey Protein,tutorial,nano,8620,22674,831,209,40,47,88,0.449,0.0367,2020,6,5,1,24,tiktok
TT000074,2020-06-15,Creatina,challenge,nano,3136,36544,1404,128,117,53,132,0.674,0.0384,2020,6,0,0,25,tiktok
TT000075,2020-06-17,Pre-Workout,review,nano,3538,29048,887,253,63,54,129,0.47,0.0305,2020,6,2,0,25,tiktok
TT000076,2020-06-19,Creatina,review,nano,8630,18868,698,251,98,58,24,0.656,0.037,2020,6,4,0,25,tiktok
TT000077,2020-06-22,Fish Oil,transformation,micro,29590,54717,2444,748,433,197,176,0.798,0.0447,2020,6,0,0,26,tiktok
TT000078,2020-06-25,Multivitamin,before_after,micro,12404,56658,2853,451,424,133,131,0.672,0.0504,2020,6,3,0,26,tiktok
TT000079,2020-06-26,Creatina,review,micro,18979,163493,8786,1242,1397,759,164,0.728,0.0537,2020,6,4,0,26,tiktok
TT000080,2020-06-29,Fish Oil,challenge,nano,6132,42669,3671,620,540,123,134,0.78,0.0861,2020,6,0,0,27,tiktok
TT000081,2020-06-30,BCAA,challenge,macro,715213,291684,16816,2208,3164,1208,163,0.59,0.0577,2020,6,1,0,27,tiktok
TT000082,2020-07-02,Vitamin C,before_after,macro,285204,602955,34246,4442,2329,1339,109,0.482,0.0568,2020,7,3,0,27,tiktok
TT000083,2020-07-08,BCAA,before_after,nano,6991,34669,1576,396,221,45,116,0.678,0.0455,2020,7,2,0,28,tiktok
TT000084,2020-07-10,BCAA,challenge,micro,43309,103820,3464,796,265,161,179,0.716,0.0334,2020,7,4,0,28,tiktok
TT000085,2020-07-12,Creatina,transformation,micro,22639,63204,2235,760,503,237,35,0.518,0.0354,2020,7,6,1,28,tiktok
TT000086,2020-07-13,Whey Protein,tutorial,micro,36740,98751,5903,1037,877,315,128,0.767,0.0598,2020,7,0,0,29,tiktok
TT000087,2020-07-16,Multivitamin,tutorial,mid,71107,168104,5698,725,1093,638,22,0.755,0.0339,2020,7,3,0,29,tiktok
TT000088,2020-07-18,Multivitamin,before_after,mid,100223,142350,7406,1566,522,554,65,0.526,0.052,2020,7,5,1,29,tiktok
TT000089,2020-07-19,Vitamin C,tutorial,micro,24371,79343,2532,723,430,278,54,0.671,0.0319,2020,7,6,1,29,tiktok
TT000090,2020-07-20,Multivitamin,review,mid,141131,245088,14991,3025,638,629,105,0.624,0.0612,2020,7,0,0,30,tiktok
TT000091,2020-07-22,Whey Protein,transformation,mid,137065,118292,6156,1241,546,379,99,0.847,0.052,2020,7,2,0,30,tiktok
TT000092,2020-07-23,Fish Oil,review,macro,582299,474345,23394,4038,1340,942,49,0.442,0.0493,2020,7,3,0,30,tiktok
TT000093,2020-07-24,Fish Oil,before_after,micro,17219,59660,4422,953,220,210,74,0.867,0.0741,2020,7,4,0,30,tiktok
TT000094,2020-07-25,Fish Oil,tutorial,nano,1044,41637,2967,681,390,139,154,0.429,0.0713,2020,7,5,1,30,tiktok
TT000095,2020-07-27,Multivitamin,challenge,micro,48552,66042,3288,456,434,216,99,0.615,0.0498,2020,7,0,0,31,tiktok
TT000096,2020-07-28,Creatina,before_after,micro,30380,147956,9773,1134,1473,332,164,0.807,0.0661,2020,7,1,0,31,tiktok
TT000097,2020-07-29,Whey Protein,challenge,mid,124281,244100,16452,2593,1136,599,134,0.419,0.0674,2020,7,2,0,31,tiktok
TT000098,2020-07-30,BCAA,before_after,nano,1490,32851,2623,220,214,176,151,0.659,0.0799,2020,7,3,0,31,tiktok
TT000099,2020-07-31,Fish Oil,tutorial,macro,424109,530978,29914,8682,2544,1946,31,0.622,0.0563,2020,7,4,0,31,tiktok
TT000100,2020-08-01,Creatina,challenge,nano,6531,69340,5031,968,628,336,85,0.834,0.0726,2020,8,5,1,31,tiktok
TT000101,2020-08-02,Creatina,transformation,mid,181384,228358,22898,4485,3076,1423,118,0.612,0.1003,2020,8,6,1,31,tiktok
TT000102,2020-08-03,Multivitamin,tutorial,nano,6771,40158,3646,665,334,259,92,0.447,0.0908,2020,8,0,0,32,tiktok
TT000103,2020-08-04,Creatina,challenge,macro,718555,528235,31914,3914,2387,2871,53,0.712,0.0604,2020,8,1,0,32,tiktok
TT000104,2020-08-06,Vitamin C,transformation,nano,9607,76116,3934,1276,633,285,104,0.42,0.0517,2020,8,3,0,32,tiktok
TT000105,2020-08-07,Vitamin C,tutorial,mid,93238,206086,9665,2020,990,682,133,0.555,0.0469,2020,8,4,0,32,tiktok
TT000106,2020-08-08,Whey Protein,challenge,mid,192226,170756,6128,1866,1125,780,52,0.895,0.0359,2020,8,5,1,32,tiktok
TT000107,2020-08-09,Fish Oil,tutorial,micro,45907,127053,7241,979,787,589,96,0.687,0.057,2020,8,6,1,32,tiktok
TT000108,2020-08-11,Vitamin C,before_after,macro,884974,339726,20552,4493,1917,1453,112,0.436,0.0605,2020,8,1,0,33,tiktok
TT000109,2020-08-12,Fish Oil,challenge,micro,47292,60598,3987,830,407,158,110,0.877,0.0658,2020,8,2,0,33,tiktok
TT000110,2020-08-13,BCAA,tutorial,mid,60804,228887,9803,1918,942,407,170,0.894,0.0428,2020,8,3,0,33,tiktok
TT000111,2020-08-16,Vitamin C,tutorial,micro,24781,94092,4901,1445,493,462,27,0.803,0.0521,2020,8,6,1,33,tiktok
TT000112,2020-08-18,BCAA,transformation,micro,14886,118337,9405,1741,1353,513,40,0.79,0.0795,2020,8,1,0,34,tiktok
TT000113,2020-08-19,Whey Protein,before_after,macro,578923,494782,32089,3733,4793,2349,50,0.892,0.0649,2020,8,2,0,34,tiktok
TT000114,2020-08-21,Vitamin C,transformation,micro,44304,87892,4518,1417,760,239,122,0.759,0.0514,2020,8,4,0,34,tiktok
TT000115,2020-08-22,Whey Protein,tutorial,micro,44994,113751,5219,1051,866,555,169,0.725,0.0459,2020,8,5,1,34,tiktok
TT000116,2020-08-26,Pre-Workout,challenge,nano,6981,32375,2890,417,362,182,165,0.619,0.0893,2020,8,2,0,35,tiktok
TT000117,2020-08-28,Multivitamin,tutorial,micro,12369,86841,7360,1118,759,273,108,0.654,0.0848,2020,8,4,0,35,tiktok
TT000118,2020-08-29,Multivitamin,transformation,mid,50133,216499,14904,1799,2367,880,78,0.588,0.0688,2020,8,5,1,35,tiktok
TT000119,2020-09-01,Creatina,challenge,micro,18207,120850,9856,1766,1274,334,117,0.849,0.0816,2020,9,1,0,36,tiktok
TT000120,2020-09-02,Creatina,review,macro,779942,499826,37506,4140,6263,2353,90,0.807,0.075,2020,9,2,0,36,tiktok
TT000121,2020-09-03,Vitamin C,tutorial,micro,40328,93514,4576,1238,947,507,27,0.484,0.0489,2020,9,3,0,36,tiktok
TT000122,2020-09-04,Vitamin C,review,micro,41590,47114,2532,399,162,110,67,0.461,0.0538,2020,9,4,0,36,tiktok
TT000123,2020-09-05,Multivitamin,tutorial,nano,6549,26628,1247,278,127,87,72,0.66,0.0468,2020,9,5,1,36,tiktok
TT000124,2020-09-14,BCAA,tutorial,micro,22151,56569,1073,149,276,102,159,0.783,0.019,2020,9,0,0,38,tiktok
TT000125,2020-09-17,Whey Protein,before_after,micro,48094,49268,1617,328,119,46,163,0.644,0.0328,2020,9,3,0,38,tiktok
TT000126,2020-09-19,Creatina,transformation,macro,343255,401682,18271,2299,3484,983,106,0.592,0.0455,2020,9,5,1,38,tiktok
TT000127,2020-09-20,Multivitamin,challenge,mid,125061,107305,4702,585,367,157,61,0.406,0.0438,2020,9,6,1,38,tiktok
TT000128,2020-09-22,Whey Protein,review,nano,9834,19244,687,246,119,76,84,0.524,0.0357,2020,9,1,0,39,tiktok
TT000129,2020-09-23,Multivitamin,review,mid,176412,89692,5371,598,407,374,139,0.549,0.0599,2020,9,2,0,39,tiktok
TT000130,2020-09-25,Pre-Workout,before_after,micro,29669,72710,3929,498,429,101,68,0.515,0.054,2020,9,4,0,39,tiktok
TT000131,2020-09-26,Whey Protein,transformation,macro,562275,191461,8536,1349,1392,339,108,0.637,0.0446,2020,9,5,1,39,tiktok
TT000132,2020-09-27,Vitamin C,review,micro,22043,102515,4745,484,710,357,93,0.748,0.0463,2020,9,6,1,39,tiktok
TT000133,2020-09-30,Multivitamin,review,mid,165333,118323,6394,820,741,386,151,0.767,0.054,2020,9,2,0,40,tiktok
TT000134,2020-10-01,Fish Oil,transformation,micro,47886,98011,4740,985,520,184,59,0.739,0.0484,2020,10,3,0,40,tiktok
TT000135,2020-10-02,Vitamin C,challenge,nano,4756,25025,678,178,49,63,139,0.863,0.0271,2020,10,4,0,40,tiktok
TT000136,2020-10-03,Multivitamin,tutorial,micro,36746,54434,1412,376,111,113,104,0.608,0.0259,2020,10,5,1,40,tiktok
TT000137,2020-10-09,Creatina,transformation,nano,7214,50283,3075,457,144,186,149,0.471,0.0612,2020,10,4,0,41,tiktok
TT000138,2020-10-13,Creatina,tutorial,micro,12501,64274,3403,743,183,267,57,0.495,0.0529,2020,10,1,0,42,tiktok
TT000139,2020-10-14,Whey Protein,review,nano,3077,30246,1910,287,245,78,36,0.771,0.0632,2020,10,2,0,42,tiktok
TT000140,2020-10-17,Fish Oil,tutorial,nano,6354,18014,425,152,54,51,103,0.424,0.0236,2020,10,5,1,42,tiktok
TT000141,2020-10-18,Fish Oil,before_after,macro,549338,307527,14108,2065,1151,359,109,0.627,0.0459,2020,10,6,1,42,tiktok
TT000142,2020-10-20,Pre-Workout,before_after,mid,95850,147981,3914,664,602,163,43,0.753,0.0265,2020,10,1,0,43,tiktok
TT000143,2020-10-21,Whey Protein,review,mid,55760,162201,5749,1513,358,174,42,0.623,0.0354,2020,10,2,0,43,tiktok
TT000144,2020-10-23,Multivitamin,transformation,micro,15379,152999,9150,2023,614,959,28,0.75,0.0598,2020,10,4,0,43,tiktok
TT000145,2020-10-24,Pre-Workout,tutorial,micro,38927,125297,9949,1155,746,541,136,0.625,0.0794,2020,10,5,1,43,tiktok
TT000146,2020-10-25,BCAA,challenge,mid,98770,316361,22944,5297,1164,1071,22,0.621,0.0725,2020,10,6,1,43,tiktok
TT000147,2020-10-26,BCAA,before_after,micro,41465,96062,5529,1262,773,204,175,0.587,0.0576,2020,10,0,0,44,tiktok
TT000148,2020-10-27,Fish Oil,review,macro,229566,578762,31535,4082,7514,1793,102,0.854,0.0545,2020,10,1,0,44,tiktok
TT000149,2020-10-28,Fish Oil,review,micro,44254,114165,8744,1451,702,461,154,0.599,0.0766,2020,10,2,0,44,tiktok
TT000150,2020-10-29,Creatina,challenge,macro,400310,377951,21811,4825,4103,1027,40,0.64,0.0577,2020,10,3,0,44,tiktok
TT000151,2020-10-30,BCAA,transformation,nano,9111,17513,725,191,50,32,28,0.792,0.0414,2020,10,4,0,44,tiktok
TT000152,2020-10-31,Pre-Workout,tutorial,micro,28990,78327,3880,750,333,122,55,0.781,0.0495,2020,10,5,1,44,tiktok
TT000153,2020-11-02,Fish Oil,transformation,mid,76180,163683,4698,936,787,349,68,0.412,0.0287,2020,11,0,0,45,tiktok
TT000154,2020-11-05,Fish Oil,review,nano,8176,45636,1449,500,220,72,40,0.832,0.0318,2020,11,3,0,45,tiktok
TT000155,2020-11-07,Vitamin C,tutorial,macro,241730,161773,7638,1672,335,340,17,0.54,0.0472,2020,11,5,1,45,tiktok
TT000156,2020-11-09,Whey Protein,before_after,mid,140526,78063,3114,673,369,189,24,0.732,0.0399,2020,11,0,0,46,tiktok
TT000157,2020-11-12,Whey Protein,before_after,micro,22742,93476,3616,713,535,220,158,0.722,0.0387,2020,11,3,0,46,tiktok
TT000158,2020-11-18,Multivitamin,transformation,nano,2872,23390,563,122,74,29,160,0.775,0.0241,2020,11,2,0,47,tiktok
TT000159,2020-11-21,Fish Oil,review,micro,26028,95648,7871,721,1089,219,125,0.475,0.0823,2020,11,5,1,47,tiktok
TT000160,2020-11-25,BCAA,challenge,mid,188013,248190,18807,2901,2436,672,154,0.704,0.0758,2020,11,2,0,48,tiktok
TT000161,2020-11-26,Creatina,tutorial,nano,6648,54879,4029,533,574,117,87,0.759,0.0734,2020,11,3,0,48,tiktok
TT000162,2020-11-30,Multivitamin,before_after,micro,41952,75159,4198,750,497,385,20,0.544,0.0559,2020,11,0,0,49,tiktok
TT000163,2020-12-02,Vitamin C,transformation,mid,178336,267581,19005,3438,1942,1868,118,0.828,0.071,2020,12,2,0,49,tiktok
TT000164,2020-12-03,Fish Oil,transformation,micro,46660,108414,7363,2240,832,379,141,0.499,0.0679,2020,12,3,0,49,tiktok
TT000165,2020-12-04,Whey Protein,review,mid,82154,121089,6434,1532,582,378,60,0.745,0.0531,2020,12,4,0,49,tiktok
TT000166,2020-12-07,Creatina,challenge,mid,101258,115739,7388,756,1118,487,37,0.454,0.0638,2020,12,0,0,50,tiktok
TT000167,2020-12-10,Multivitamin,tutorial,nano,3285,41931,3033,296,154,190,149,0.559,0.0724,2020,12,3,0,50,tiktok
TT000168,2020-12-11,Multivitamin,tutorial,micro,45251,143582,8422,1767,1385,461,45,0.455,0.0587,2020,12,4,0,50,tiktok
TT000169,2020-12-18,Pre-Workout,review,micro,48731,81861,3585,813,383,256,177,0.613,0.0438,2020,12,4,0,51,tiktok
TT000170,2020-12-19,BCAA,before_after,macro,428529,168475,5655,1190,641,447,59,0.751,0.0336,2020,12,5,1,51,tiktok
TT000171,2020-12-20,Creatina,review,micro,23482,82982,3819,637,513,273,78,0.526,0.046,2020,12,6,1,51,tiktok
TT000172,2020-12-22,Multivitamin,review,micro,32706,93021,2443,690,300,238,69,0.835,0.0263,2020,12,1,0,52,tiktok
TT000173,2020-12-25,Vitamin C,transformation,micro,43910,81410,5446,1239,894,328,101,0.467,0.0669,2020,12,4,0,52,tiktok
TT000174,2020-12-29,Vitamin C,tutorial,micro,24679,81133,6453,464,245,148,162,0.591,0.0795,2020,12,1,0,53,tiktok
TT000175,2021-01-03,Vitamin C,challenge,mid,83200,84283,2648,812,525,194,61,0.437,0.0314,2021,1,6,1,53,tiktok
TT000176,2021-01-10,Pre-Workout,before_after,nano,9571,16782,769,132,32,32,149,0.634,0.0458,2021,1,6,1,1,tiktok
TT000177,2021-01-12,Creatina,review,micro,45256,92932,4627,880,596,140,153,0.898,0.0498,2021,1,1,0,2,tiktok
TT000178,2021-01-15,Creatina,challenge,micro,37979,75678,2973,471,613,178,23,0.495,0.0393,2021,1,4,0,2,tiktok
TT000179,2021-01-21,Multivitamin,transformation,mid,185877,198118,11655,2055,1245,810,147,0.612,0.0588,2021,1,3,0,3,tiktok
TT000180,2021-01-23,BCAA,tutorial,mid,138209,261226,19235,1480,788,1083,139,0.74,0.0736,2021,1,5,1,3,tiktok
TT000181,2021-01-25,Creatina,challenge,mid,142440,232505,12107,3321,1430,820,15,0.72,0.0521,2021,1,0,0,4,tiktok
TT000182,2021-01-27,Pre-Workout,tutorial,micro,48738,134412,7648,1579,915,622,89,0.651,0.0569,2021,1,2,0,4,tiktok
TT000183,2021-01-29,Creatina,transformation,nano,8854,66103,4360,477,766,347,168,0.515,0.066,2021,1,4,0,4,tiktok
TT000184,2021-01-30,Fish Oil,review,nano,6969,74351,5801,1304,301,240,167,0.898,0.078,2021,1,5,1,4,tiktok
TT000185,2021-02-06,Fish Oil,before_after,micro,49845,61803,4907,404,251,136,134,0.572,0.0794,2021,2,5,1,5,tiktok
TT000186,2021-02-07,Vitamin C,challenge,nano,9503,40027,2254,603,190,219,20,0.651,0.0563,2021,2,6,1,5,tiktok
TT000187,2021-02-08,Whey Protein,transformation,nano,6182,68582,3500,481,729,372,20,0.704,0.051,2021,2,0,0,6,tiktok
TT000188,2021-02-11,Creatina,review,nano,9516,39058,3621,444,456,166,21,0.881,0.0927,2021,2,3,0,6,tiktok
TT000189,2021-02-12,Vitamin C,tutorial,mid,181389,164582,6287,775,739,365,139,0.609,0.0382,2021,2,4,0,6,tiktok
TT000190,2021-02-16,Whey Protein,tutorial,micro,43958,112913,7231,757,608,466,65,0.48,0.064,2021,2,1,0,7,tiktok
TT000191,2021-02-17,Creatina,transformation,micro,45161,70671,4337,521,529,115,151,0.778,0.0614,2021,2,2,0,7,tiktok
TT000192,2021-02-19,BCAA,before_after,mid,130742,260970,16905,4118,968,1203,21,0.684,0.0648,2021,2,4,0,7,tiktok
TT000193,2021-02-21,Creatina,before_after,micro,44191,51359,2267,493,239,168,25,0.605,0.0441,2021,2,6,1,7,tiktok
TT000194,2021-02-22,Multivitamin,transformation,mid,193131,253062,17818,1939,1006,1091,39,0.574,0.0704,2021,2,0,0,8,tiktok
TT000195,2021-02-25,Fish Oil,tutorial,nano,5528,24820,1218,228,258,52,132,0.462,0.0491,2021,2,3,0,8,tiktok
TT000196,2021-02-26,Creatina,challenge,nano,2036,34047,1048,333,70,48,109,0.871,0.0308,2021,2,4,0,8,tiktok
TT000197,2021-02-27,Whey Protein,review,micro,11654,43466,1804,368,197,138,47,0.75,0.0415,2021,2,5,1,8,tiktok
TT000198,2021-02-28,Fish Oil,challenge,micro,33489,58060,2387,451,236,126,27,0.595,0.0411,2021,2,6,1,8,tiktok
TT000199,2021-03-06,Creatina,review,micro,14968,46980,3112,611,416,86,87,0.852,0.0663,2021,3,5,1,9,tiktok
TT000200,2021-03-07,Pre-Workout,before_after,micro,20429,95157,6184,526,654,379,157,0.544,0.065,2021,3,6,1,9,tiktok
TT000201,2021-03-11,BCAA,before_after,nano,6294,24940,1613,137,151,60,178,0.644,0.0647,2021,3,3,0,10,tiktok
TT000202,2021-03-13,BCAA,tutorial,micro,28572,70616,3898,609,513,272,33,0.668,0.0552,2021,3,5,1,10,tiktok
TT000203,2021-03-18,Multivitamin,tutorial,macro,376548,190120,11006,838,559,679,61,0.447,0.0579,2021,3,3,0,11,tiktok
TT000204,2021-03-19,Creatina,before_after,nano,6084,19639,631,145,118,53,111,0.712,0.0321,2021,3,4,0,11,tiktok
TT000205,2021-03-20,BCAA,transformation,nano,1405,26899,951,116,52,77,174,0.624,0.0354,2021,3,5,1,11,tiktok
TT000206,2021-03-21,Pre-Workout,transformation,micro,36229,45153,1704,358,174,92,29,0.457,0.0377,2021,3,6,1,11,tiktok
TT000207,2021-03-24,Vitamin C,tutorial,nano,4563,37525,1196,170,99,111,117,0.467,0.0319,2021,3,2,0,12,tiktok
TT000208,2021-03-27,BCAA,transformation,nano,7320,41526,1561,172,227,158,112,0.671,0.0376,2021,3,5,1,12,tiktok
TT000209,2021-03-28,Fish Oil,before_after,mid,152904,110020,5069,1100,562,384,97,0.415,0.0461,2021,3,6,1,12,tiktok
TT000210,2021-03-30,Pre-Workout,tutorial,micro,14015,92749,3523,824,314,288,80,0.72,0.038,2021,3,1,0,13,tiktok
TT000211,2021-03-31,Pre-Workout,challenge,nano,5462,45780,2216,439,166,88,142,0.519,0.0484,2021,3,2,0,13,tiktok
TT000212,2021-04-01,BCAA,review,micro,42368,61092,2145,571,157,187,48,0.899,0.0351,2021,4,3,0,13,tiktok
TT000213,2021-04-02,Fish Oil,challenge,micro,15792,63271,4014,313,601,108,82,0.508,0.0635,2021,4,4,0,13,tiktok
TT000214,2021-04-04,Fish Oil,review,mid,160961,200782,7220,2295,1153,762,160,0.769,0.036,2021,4,6,1,13,tiktok
TT000215,2021-04-05,Creatina,review,mid,59532,245869,8890,1430,1826,667,97,0.842,0.0362,2021,4,0,0,14,tiktok
TT000216,2021-04-09,BCAA,tutorial,nano,1342,50108,3186,823,222,117,121,0.66,0.0636,2021,4,4,0,14,tiktok
TT000217,2021-04-12,Pre-Workout,transformation,nano,4610,44475,2909,646,491,218,33,0.8,0.0654,2021,4,0,0,15,tiktok
TT000218,2021-04-14,Fish Oil,challenge,nano,1693,53200,3773,341,273,218,168,0.712,0.0709,2021,4,2,0,15,tiktok
TT000219,2021-04-17,BCAA,tutorial,mid,65435,138054,6790,1423,827,640,106,0.677,0.0492,2021,4,5,1,15,tiktok
TT000220,2021-04-19,Fish Oil,challenge,mid,136881,275516,15740,2282,1218,650,40,0.806,0.0571,2021,4,0,0,16,tiktok
TT000221,2021-04-20,Whey Protein,tutorial,mid,175693,113368,7192,1240,477,435,155,0.468,0.0634,2021,4,1,0,16,tiktok
TT000222,2021-04-22,Creatina,challenge,micro,26954,78000,5910,648,291,247,152,0.803,0.0758,2021,4,3,0,16,tiktok
TT000223,2021-04-23,Pre-Workout,challenge,nano,4458,38051,1741,249,72,77,24,0.861,0.0458,2021,4,4,0,16,tiktok
TT000224,2021-04-24,Vitamin C,tutorial,macro,763301,233542,7661,996,458,755,52,0.63,0.0328,2021,4,5,1,16,tiktok
TT000225,2021-04-30,Pre-Workout,tutorial,macro,663973,209232,10119,1216,1061,744,45,0.58,0.0484,2021,4,4,0,17,tiktok
TT000226,2021-05-01,Pre-Workout,tutorial,nano,4269,23906,1137,149,49,83,164,0.621,0.0476,2021,5,5,1,17,tiktok
TT000227,2021-05-02,Whey Protein,transformation,micro,42239,72322,2349,746,269,219,40,0.438,0.0325,2021,5,6,1,17,tiktok
TT000228,2021-05-04,Multivitamin,tutorial,mid,159041,112147,4946,500,569,255,131,0.767,0.0441,2021,5,1,0,18,tiktok
TT000229,2021-05-08,Vitamin C,review,nano,1232,61335,2501,796,372,303,164,0.862,0.0408,2021,5,5,1,18,tiktok
TT000230,2021-05-11,Pre-Workout,transformation,nano,7707,63832,4012,534,302,226,101,0.779,0.0629,2021,5,1,0,19,tiktok
TT000231,2021-05-15,Multivitamin,tutorial,nano,5813,25268,1081,92,100,75,81,0.857,0.0428,2021,5,5,1,19,tiktok
TT000232,2021-05-19,Vitamin C,transformation,micro,24240,57059,1659,242,246,163,34,0.611,0.0291,2021,5,2,0,20,tiktok
TT000233,2021-05-20,Pre-Workout,transformation,macro,648412,259642,9897,1115,1248,830,94,0.471,0.0381,2021,5,3,0,20,tiktok
TT000234,2021-05-21,BCAA,challenge,mid,97143,112960,4402,1335,719,212,77,0.752,0.039,2021,5,4,0,20,tiktok
TT000235,2021-05-23,Creatina,review,nano,6841,21603,1467,300,128,88,137,0.684,0.0679,2021,5,6,1,20,tiktok
TT000236,2021-05-24,Fish Oil,challenge,nano,4851,20427,1284,178,98,79,84,0.432,0.0629,2021,5,0,0,21,tiktok
TT000237,2021-05-25,Multivitamin,transformation,micro,20350,92253,4640,991,750,275,132,0.752,0.0503,2021,5,1,0,21,tiktok
TT000238,2021-05-26,Pre-Workout,before_after,macro,736541,251047,13871,3509,2281,1131,82,0.736,0.0553,2021,5,2,0,21,tiktok
TT000239,2021-05-29,Creatina,transformation,nano,8599,38593,1830,243,131,100,127,0.476,0.0474,2021,5,5,1,21,tiktok
TT000240,2021-06-01,Creatina,before_after,micro,16302,45397,1912,453,205,61,60,0.662,0.0421,2021,6,1,0,22,tiktok
TT000241,2021-06-03,BCAA,tutorial,macro,400425,167835,8990,1204,720,281,169,0.621,0.0536,2021,6,3,0,22,tiktok
TT000242,2021-06-04,Whey Protein,before_after,macro,474896,419925,25367,4713,3728,1548,30,0.804,0.0604,2021,6,4,0,22,tiktok
TT000243,2021-06-05,BCAA,tutorial,nano,6692,62983,3739,592,294,214,23,0.777,0.0594,2021,6,5,1,22,tiktok
TT000244,2021-06-09,Fish Oil,transformation,nano,4194,37521,1651,299,162,88,71,0.697,0.044,2021,6,2,0,23,tiktok
TT000245,2021-06-10,Vitamin C,transformation,micro,38380,135936,10705,1860,1154,650,179,0.878,0.0788,2021,6,3,0,23,tiktok
TT000246,2021-06-12,Creatina,transformation,macro,900307,311395,15124,1762,1638,1251,119,0.48,0.0486,2021,6,5,1,23,tiktok
TT000247,2021-06-21,Fish Oil,before_after,mid,165740,96009,5020,368,426,247,114,0.588,0.0523,2021,6,0,0,25,tiktok
TT000248,2021-06-24,BCAA,review,micro,13445,76785,3605,451,498,265,94,0.888,0.047,2021,6,3,0,25,tiktok
TT000249,2021-06-25,Fish Oil,review,mid,165865,216569,8011,1316,1329,534,56,0.614,0.037,2021,6,4,0,25,tiktok
TT000250,2021-06-26,Vitamin C,challenge,micro,36453,93445,4533,672,450,189,105,0.444,0.0485,2021,6,5,1,25,tiktok
TT000251,2021-06-27,Fish Oil,transformation,micro,22585,42435,1422,207,262,110,143,0.823,0.0335,2021,6,6,1,25,tiktok
TT000252,2021-07-03,BCAA,before_after,nano,2045,47294,1908,400,166,155,103,0.416,0.0404,2021,7,5,1,26,tiktok
TT000253,2021-07-07,Vitamin C,tutorial,micro,28546,57514,3705,322,288,142,157,0.471,0.0644,2021,7,2,0,27,tiktok
TT000254,2021-07-08,Multivitamin,review,micro,23913,113781,4404,618,962,443,108,0.493,0.0387,2021,7,3,0,27,tiktok
TT000255,2021-07-10,Whey Protein,transformation,mid,125133,183641,9235,2345,1373,918,40,0.64,0.0503,2021,7,5,1,27,tiktok
TT000256,2021-07-13,Pre-Workout,transformation,nano,5882,47310,2557,756,152,267,163,0.605,0.054,2021,7,1,0,28,tiktok
TT000257,2021-07-15,Vitamin C,tutorial,micro,40471,136275,6917,2180,1202,726,148,0.712,0.0508,2021,7,3,0,28,tiktok
TT000258,2021-07-17,Pre-Workout,challenge,nano,9513,56142,3284,1003,670,222,78,0.458,0.0585,2021,7,5,1,28,tiktok
TT000259,2021-07-18,Whey Protein,challenge,micro,28916,165313,14325,2303,1149,738,16,0.467,0.0867,2021,7,6,1,28,tiktok
TT000260,2021-07-19,Multivitamin,transformation,nano,2381,47091,4396,873,301,196,18,0.727,0.0934,2021,7,0,0,29,tiktok
TT000261,2021-07-20,Vitamin C,transformation,mid,199012,359308,27869,3869,1413,2133,125,0.823,0.0776,2021,7,1,0,29,tiktok
TT000262,2021-07-21,BCAA,review,nano,7957,40684,2209,558,425,266,33,0.462,0.0543,2021,7,2,0,29,tiktok
TT000263,2021-07-27,BCAA,tutorial,micro,13537,117321,6639,821,384,509,92,0.588,0.0566,2021,7,1,0,30,tiktok
TT000264,2021-07-29,Multivitamin,before_after,micro,34359,65245,4194,566,375,227,56,0.579,0.0643,2021,7,3,0,30,tiktok
TT000265,2021-08-04,BCAA,before_after,nano,6362,23392,981,171,150,72,51,0.819,0.0419,2021,8,2,0,31,tiktok
TT000266,2021-08-06,Fish Oil,tutorial,mid,71976,119300,4769,619,261,263,137,0.445,0.04,2021,8,4,0,31,tiktok
TT000267,2021-08-11,Creatina,transformation,nano,9835,13509,472,66,71,27,20,0.558,0.035,2021,8,2,0,32,tiktok
TT000268,2021-08-12,Creatina,review,nano,1880,32698,770,189,140,52,35,0.672,0.0236,2021,8,3,0,32,tiktok
TT000269,2021-08-13,Multivitamin,transformation,nano,1028,55826,3101,624,486,110,166,0.803,0.0556,2021,8,4,0,32,tiktok
TT000270,2021-08-18,Vitamin C,review,macro,857861,515898,23570,6775,4339,1995,79,0.645,0.0457,2021,8,2,0,33,tiktok
TT000271,2021-08-19,Creatina,challenge,nano,9327,31436,2177,281,136,141,94,0.673,0.0693,2021,8,3,0,33,tiktok
TT000272,2021-08-22,Multivitamin,challenge,nano,9930,17562,696,140,82,37,50,0.424,0.0396,2021,8,6,1,33,tiktok
TT000273,2021-08-24,Multivitamin,challenge,nano,1237,16200,563,135,78,27,82,0.654,0.0348,2021,8,1,0,34,tiktok
TT000274,2021-08-28,Vitamin C,transformation,micro,39394,85420,4859,1250,611,189,107,0.809,0.0569,2021,8,5,1,34,tiktok
TT000275,2021-08-29,Fish Oil,challenge,micro,46825,107581,5385,660,1074,271,32,0.697,0.0501,2021,8,6,1,34,tiktok
TT000276,2021-08-31,Creatina,tutorial,micro,32759,69904,5127,1044,464,178,17,0.77,0.0733,2021,8,1,0,35,tiktok
TT000277,2021-09-02,Multivitamin,before_after,nano,4369,34743,2289,461,270,128,34,0.589,0.0659,2021,9,3,0,35,tiktok
TT000278,2021-09-03,Fish Oil,review,micro,30597,53479,1416,243,149,144,105,0.848,0.0265,2021,9,4,0,35,tiktok
TT000279,2021-09-04,Creatina,review,micro,39455,90756,2546,505,283,108,88,0.614,0.0281,2021,9,5,1,35,tiktok
TT000280,2021-09-05,Fish Oil,tutorial,nano,8203,28805,1268,191,193,59,16,0.641,0.044,2021,9,6,1,35,tiktok
TT000281,2021-09-08,Vitamin C,tutorial,micro,39840,54359,2312,215,342,89,163,0.472,0.0425,2021,9,2,0,36,tiktok
TT000282,2021-09-09,Fish Oil,tutorial,micro,21841,82826,3683,343,310,252,115,0.675,0.0445,2021,9,3,0,36,tiktok
TT000283,2021-09-10,Multivitamin,transformation,nano,8562,26903,1635,273,134,48,170,0.837,0.0608,2021,9,4,0,36,tiktok
TT000284,2021-09-12,BCAA,review,mid,89023,120499,3836,651,960,425,116,0.411,0.0318,2021,9,6,1,36,tiktok
TT000285,2021-09-14,Creatina,transformation,micro,38033,118180,4269,875,348,213,80,0.464,0.0361,2021,9,1,0,37,tiktok
TT000286,2021-09-17,Whey Protein,challenge,nano,9619,50067,2618,641,143,136,155,0.468,0.0523,2021,9,4,0,37,tiktok
TT000287,2021-09-18,Multivitamin,review,mid,54995,228133,13302,2652,2145,656,58,0.605,0.0583,2021,9,5,1,37,tiktok
TT000288,2021-09-19,Vitamin C,review,macro,885907,359950,18398,3191,1598,1527,32,0.437,0.0511,2021,9,6,1,37,tiktok
TT000289,2021-09-20,Vitamin C,review,micro,36264,78149,3109,928,325,326,167,0.64,0.0398,2021,9,0,0,38,tiktok
TT000290,2021-09-21,Pre-Workout,challenge,nano,3829,20962,1369,196,94,45,156,0.476,0.0653,2021,9,1,0,38,tiktok
TT000291,2021-09-23,Whey Protein,transformation,macro,979966,447534,27284,3515,2064,1703,173,0.506,0.061,2021,9,3,0,38,tiktok
TT000292,2021-09-26,Whey Protein,challenge,micro,28817,53777,1422,199,364,133,129,0.421,0.0265,2021,9,6,1,38,tiktok
TT000293,2021-09-27,BCAA,review,micro,18186,38948,1558,333,184,89,149,0.407,0.04,2021,9,0,0,39,tiktok
TT000294,2021-09-29,Whey Protein,tutorial,nano,4815,29955,1258,178,73,46,130,0.895,0.042,2021,9,2,0,39,tiktok
TT000295,2021-10-05,Whey Protein,before_after,nano,2338,19370,632,88,40,34,18,0.636,0.0326,2021,10,1,0,40,tiktok
TT000296,2021-10-09,Fish Oil,before_after,nano,5289,39392,1091,364,278,49,177,0.527,0.0277,2021,10,5,1,40,tiktok
TT000297,2021-10-11,Fish Oil,transformation,micro,43719,99368,4066,848,449,304,92,0.816,0.0409,2021,10,0,0,41,tiktok
TT000298,2021-10-12,Fish Oil,challenge,nano,2781,38441,1370,401,153,91,15,0.574,0.0357,2021,10,1,0,41,tiktok
TT000299,2021-10-13,Fish Oil,challenge,mid,181026,187107,9370,1788,1132,564,104,0.739,0.0501,2021,10,2,0,41,tiktok
TT000300,2021-10-14,Multivitamin,before_after,macro,215624,414001,20810,2125,1137,1378,163,0.429,0.0503,2021,10,3,0,41,tiktok
TT000301,2021-10-15,Pre-Workout,before_after,nano,5617,39897,2266,470,185,97,81,0.607,0.0568,2021,10,4,0,41,tiktok
TT000302,2021-10-16,Whey Protein,review,micro,17052,117838,6678,1133,1193,624,156,0.836,0.0567,2021,10,5,1,41,tiktok
TT000303,2021-10-17,Whey Protein,review,macro,619146,597337,30381,4908,2723,2864,146,0.569,0.0509,2021,10,6,1,41,tiktok
TT000304,2021-10-18,Fish Oil,challenge,micro,26043,126299,6191,894,1407,404,176,0.491,0.049,2021,10,0,0,42,tiktok
TT000305,2021-10-23,Fish Oil,review,mid,178462,151231,8239,1527,1087,595,177,0.671,0.0545,2021,10,5,1,42,tiktok
TT000306,2021-10-24,Multivitamin,before_after,macro,447626,293196,10236,2470,1752,903,44,0.64,0.0349,2021,10,6,1,42,tiktok
TT000307,2021-10-27,Whey Protein,transformation,macro,873563,242885,12543,1395,1740,805,111,0.477,0.0516,2021,10,2,0,43,tiktok
TT000308,2021-10-30,BCAA,before_after,nano,7479,31610,998,153,217,119,36,0.62,0.0316,2021,10,5,1,43,tiktok
TT000309,2021-11-01,BCAA,review,macro,468535,176682,7936,845,907,461,31,0.809,0.0449,2021,11,0,0,44,tiktok
TT000310,2021-11-02,Creatina,review,nano,3904,24019,1204,174,130,34,144,0.813,0.0501,2021,11,1,0,44,tiktok
TT000311,2021-11-03,Fish Oil,transformation,nano,2369,19308,753,164,145,69,76,0.716,0.039,2021,11,2,0,44,tiktok
TT000312,2021-11-04,Whey Protein,before_after,micro,11011,47790,1770,286,341,146,78,0.623,0.0371,2021,11,3,0,44,tiktok
TT000313,2021-11-13,Creatina,transformation,micro,41122,126034,5624,935,646,489,24,0.453,0.0446,2021,11,5,1,45,tiktok
TT000314,2021-11-15,Pre-Workout,transformation,nano,1035,32249,1545,349,194,72,96,0.537,0.0479,2021,11,0,0,46,tiktok
TT000315,2021-11-16,Whey Protein,challenge,mid,181291,90216,4245,421,636,247,110,0.612,0.0471,2021,11,1,0,46,tiktok
TT000316,2021-11-20,Multivitamin,review,nano,8607,30014,1186,99,138,60,48,0.877,0.0395,2021,11,5,1,46,tiktok
TT000317,2021-11-23,BCAA,transformation,nano,7298,17172,788,134,103,27,18,0.757,0.0459,2021,11,1,0,47,tiktok
TT000318,2021-11-27,Fish Oil,review,micro,11748,71189,2033,247,508,240,53,0.708,0.0286,2021,11,5,1,47,tiktok
TT000319,2021-11-29,Pre-Workout,transformation,micro,48941,67109,3427,255,338,210,130,0.789,0.0511,2021,11,0,0,48,tiktok
TT000320,2021-12-02,BCAA,transformation,nano,4955,39611,1027,274,247,118,119,0.446,0.0259,2021,12,3,0,48,tiktok
TT000321,2021-12-04,Fish Oil,before_after,micro,41724,86515,3791,1058,560,260,144,0.742,0.0438,2021,12,5,1,48,tiktok
TT000322,2021-12-05,Creatina,before_after,micro,34094,48782,1711,582,169,124,65,0.554,0.0351,2021,12,6,1,48,tiktok
TT000323,2021-12-07,Multivitamin,transformation,micro,47558,65686,3280,757,243,155,34,0.5,0.0499,2021,12,1,0,49,tiktok
TT000324,2021-12-10,Whey Protein,before_after,nano,7065,31922,1520,379,190,102,69,0.792,0.0476,2021,12,4,0,49,tiktok
TT000325,2021-12-15,Fish Oil,before_after,mid,178997,110785,7143,747,957,484,100,0.478,0.0645,2021,12,2,0,50,tiktok
TT000326,2021-12-16,Fish Oil,tutorial,micro,17386,59380,2955,361,146,231,173,0.566,0.0498,2021,12,3,0,50,tiktok
TT000327,2021-12-21,Creatina,transformation,micro,33325,42650,1635,292,135,148,127,0.573,0.0383,2021,12,1,0,51,tiktok
TT000328,2021-12-24,BCAA,transformation,mid,102498,141075,6621,1002,1166,319,31,0.542,0.0469,2021,12,4,0,51,tiktok
TT000329,2021-12-26,Creatina,tutorial,nano,4136,21865,907,90,86,83,99,0.644,0.0415,2021,12,6,1,51,tiktok
TT000330,2021-12-27,Fish Oil,tutorial,nano,7388,42318,1986,348,218,166,62,0.763,0.0469,2021,12,0,0,52,tiktok
TT000331,2021-12-29,Whey Protein,tutorial,nano,2960,41208,1633,247,149,136,164,0.432,0.0396,2021,12,2,0,52,tiktok
TT000332,2021-12-31,Pre-Workout,review,nano,6900,36330,1819,419,345,180,20,0.798,0.0501,2021,12,4,0,52,tiktok
TT000333,2022-01-03,Pre-Workout,transformation,nano,8791,59016,2822,909,450,258,93,0.886,0.0478,2022,1,0,0,1,tiktok
TT000334,2022-01-07,Multivitamin,transformation,micro,19296,81125,3521,1045,658,197,42,0.845,0.0434,2022,1,4,0,1,tiktok
TT000335,2022-01-12,Creatina,before_after,mid,189764,230834,11526,2859,786,461,48,0.542,0.0499,2022,1,2,0,2,tiktok
TT000336,2022-01-18,Whey Protein,challenge,nano,2712,11597,229,52,39,26,158,0.525,0.0198,2022,1,1,0,3,tiktok
TT000337,2022-01-19,Vitamin C,before_after,nano,5610,19822,665,50,26,44,122,0.56,0.0335,2022,1,2,0,3,tiktok
TT000338,2022-01-23,Fish Oil,challenge,micro,14159,112357,6277,1299,821,321,41,0.731,0.0559,2022,1,6,1,3,tiktok
TT000339,2022-01-24,Whey Protein,tutorial,nano,6234,32029,2020,413,92,76,78,0.499,0.0631,2022,1,0,0,4,tiktok
TT000340,2022-01-27,Whey Protein,before_after,mid,65419,130265,6378,969,349,300,154,0.796,0.049,2022,1,3,0,4,tiktok
TT000341,2022-02-01,Whey Protein,tutorial,nano,2748,38198,2505,367,266,97,58,0.753,0.0656,2022,2,1,0,5,tiktok
TT000342,2022-02-02,Fish Oil,tutorial,micro,21365,109676,4341,1294,748,471,112,0.772,0.0396,2022,2,2,0,5,tiktok
TT000343,2022-02-03,Pre-Workout,before_after,nano,5863,35371,2467,385,356,146,79,0.825,0.0698,2022,2,3,0,5,tiktok
TT000344,2022-02-06,Fish Oil,transformation,micro,14779,86923,8452,1472,1086,535,165,0.612,0.0972,2022,2,6,1,5,tiktok
TT000345,2022-02-07,BCAA,challenge,micro,36077,88170,5882,1901,720,598,50,0.82,0.0667,2022,2,0,0,6,tiktok
TT000346,2022-02-08,Creatina,before_after,nano,4634,63029,5995,1285,296,339,114,0.688,0.0951,2022,2,1,0,6,tiktok
TT000347,2022-02-10,BCAA,challenge,micro,17886,196110,11426,2511,1478,564,54,0.624,0.0583,2022,2,3,0,6,tiktok
TT000348,2022-02-12,Vitamin C,tutorial,nano,5956,46113,2573,407,304,72,31,0.715,0.0558,2022,2,5,1,6,tiktok
TT000349,2022-02-13,Multivitamin,review,nano,2800,51095,3125,634,275,184,126,0.76,0.0612,2022,2,6,1,6,tiktok
TT000350,2022-02-14,BCAA,review,nano,7926,40860,2306,404,124,154,97,0.799,0.0565,2022,2,0,0,7,tiktok
TT000351,2022-02-16,Pre-Workout,before_after,micro,37594,60042,3097,334,248,107,64,0.447,0.0516,2022,2,2,0,7,tiktok
TT000352,2022-02-18,Whey Protein,tutorial,micro,44628,64173,1986,455,116,79,122,0.445,0.031,2022,2,4,0,7,tiktok
TT000353,2022-02-21,Vitamin C,transformation,nano,2635,23543,858,165,81,51,135,0.786,0.0365,2022,2,0,0,8,tiktok
TT000354,2022-02-25,Multivitamin,tutorial,mid,52143,197289,8312,2219,1493,621,89,0.551,0.0421,2022,2,4,0,8,tiktok
TT000355,2022-02-26,Vitamin C,tutorial,nano,2833,28022,1195,135,257,118,173,0.441,0.0427,2022,2,5,1,8,tiktok
TT000356,2022-02-28,Fish Oil,challenge,mid,66332,172684,11766,1838,539,273,94,0.894,0.0681,2022,2,0,0,9,tiktok
TT000357,2022-03-01,Multivitamin,tutorial,micro,37708,56553,2606,280,460,127,58,0.423,0.0461,2022,3,1,0,9,tiktok
TT000358,2022-03-03,Vitamin C,before_after,nano,8556,45717,2211,287,178,148,135,0.44,0.0484,2022,3,3,0,9,tiktok
TT000359,2022-03-04,Pre-Workout,transformation,micro,11709,95578,5518,840,373,355,152,0.637,0.0577,2022,3,4,0,9,tiktok
TT000360,2022-03-05,Whey Protein,review,nano,6413,41119,2330,267,275,179,77,0.501,0.0567,2022,3,5,1,9,tiktok
TT000361,2022-03-07,BCAA,review,micro,21202,101429,3857,567,693,442,106,0.774,0.038,2022,3,0,0,10,tiktok
TT000362,2022-03-08,Fish Oil,challenge,mid,139318,140569,6664,1507,1044,242,152,0.536,0.0474,2022,3,1,0,10,tiktok
TT000363,2022-03-09,Whey Protein,transformation,macro,640972,318348,19630,1822,2470,1129,96,0.414,0.0617,2022,3,2,0,10,tiktok
TT000364,2022-03-11,BCAA,challenge,micro,46982,59182,2339,355,237,209,69,0.834,0.0395,2022,3,4,0,10,tiktok
TT000365,2022-03-12,BCAA,challenge,mid,86197,199894,11798,2077,1152,346,170,0.53,0.059,2022,3,5,1,10,tiktok
TT000366,2022-03-13,Whey Protein,review,mid,182156,187947,7629,1238,881,386,95,0.88,0.0406,2022,3,6,1,10,tiktok
TT000367,2022-03-15,Multivitamin,tutorial,nano,4748,38103,1744,296,329,130,50,0.461,0.0458,2022,3,1,0,11,tiktok
TT000368,2022-03-18,Whey Protein,challenge,nano,7798,50780,3011,492,173,91,37,0.898,0.0593,2022,3,4,0,11,tiktok
TT000369,2022-03-23,Vitamin C,transformation,micro,32554,71141,5056,873,521,163,135,0.778,0.0711,2022,3,2,0,12,tiktok
TT000370,2022-03-24,Whey Protein,tutorial,micro,13136,92941,6182,558,789,302,153,0.659,0.0665,2022,3,3,0,12,tiktok
TT000371,2022-03-27,Multivitamin,transformation,micro,13393,174521,12104,2633,599,1025,17,0.403,0.0694,2022,3,6,1,12,tiktok
TT000372,2022-03-30,Multivitamin,tutorial,mid,163175,301850,24575,5092,2878,808,68,0.594,0.0814,2022,3,2,0,13,tiktok
TT000373,2022-03-31,Vitamin C,review,micro,16440,89438,5144,1061,837,300,169,0.433,0.0575,2022,3,3,0,13,tiktok
TT000374,2022-04-01,Pre-Workout,tutorial,nano,3940,40549,2240,437,89,114,172,0.79,0.0553,2022,4,4,0,13,tiktok
TT000375,2022-04-02,Creatina,challenge,nano,8707,39032,1766,418,83,125,47,0.627,0.0452,2022,4,5,1,13,tiktok
TT000376,2022-04-07,Multivitamin,before_after,nano,6366,20487,662,92,43,64,16,0.542,0.0323,2022,4,3,0,14,tiktok
TT000377,2022-04-08,Whey Protein,review,micro,30732,41814,776,243,92,59,23,0.786,0.0186,2022,4,4,0,14,tiktok
TT000378,2022-04-10,Pre-Workout,challenge,nano,2336,16214,376,70,34,20,83,0.696,0.0232,2022,4,6,1,14,tiktok
TT000379,2022-04-12,Multivitamin,challenge,nano,8339,9542,229,49,16,16,135,0.693,0.024,2022,4,1,0,15,tiktok
TT000380,2022-04-15,Fish Oil,review,micro,47879,206531,22826,4336,1005,720,59,0.714,0.1105,2022,4,4,0,15,tiktok
TT000381,2022-04-18,Vitamin C,transformation,nano,5401,44073,2981,660,624,242,156,0.685,0.0677,2022,4,0,0,16,tiktok
TT000382,2022-04-20,Creatina,transformation,micro,44691,84257,7259,746,1091,579,88,0.793,0.0862,2022,4,2,0,16,tiktok
TT000383,2022-04-21,Whey Protein,tutorial,mid,172830,233397,24016,2112,949,1540,148,0.703,0.1029,2022,4,3,0,16,tiktok
TT000384,2022-04-23,Multivitamin,tutorial,nano,2782,46650,1967,289,427,158,104,0.725,0.0422,2022,4,5,1,16,tiktok
TT000385,2022-04-26,Creatina,review,nano,5927,40653,2034,492,145,153,91,0.814,0.05,2022,4,1,0,17,tiktok
TT000386,2022-04-28,Whey Protein,tutorial,micro,42003,82922,5291,833,617,298,168,0.738,0.0638,2022,4,3,0,17,tiktok
TT000387,2022-05-04,Creatina,review,micro,42962,75771,2786,453,334,114,90,0.724,0.0368,2022,5,2,0,18,tiktok
TT000388,2022-05-05,Multivitamin,challenge,nano,2141,17878,645,146,43,58,167,0.622,0.0361,2022,5,3,0,18,tiktok
TT000389,2022-05-08,Pre-Workout,before_after,micro,34614,55052,2284,323,146,108,38,0.601,0.0415,2022,5,6,1,18,tiktok
TT000390,2022-05-10,Fish Oil,transformation,nano,9399,31444,1638,190,216,99,46,0.587,0.0521,2022,5,1,0,19,tiktok
TT000391,2022-05-11,Fish Oil,transformation,micro,15850,67004,3213,673,327,148,121,0.643,0.048,2022,5,2,0,19,tiktok
TT000392,2022-05-14,Multivitamin,tutorial,micro,33825,69854,3155,827,630,221,61,0.517,0.0452,2022,5,5,1,19,tiktok
TT000393,2022-05-15,Whey Protein,tutorial,micro,24600,70545,3457,581,227,198,124,0.764,0.049,2022,5,6,1,19,tiktok
TT000394,2022-05-16,Creatina,transformation,micro,28328,65356,4142,650,281,180,106,0.628,0.0634,2022,5,0,0,20,tiktok
TT000395,2022-05-17,Multivitamin,transformation,mid,132310,162395,6352,2017,915,597,150,0.403,0.0391,2022,5,1,0,20,tiktok
TT000396,2022-05-19,Multivitamin,transformation,nano,2638,39632,2438,175,108,98,154,0.852,0.0615,2022,5,3,0,20,tiktok
TT000397,2022-05-21,Whey Protein,review,mid,164922,308785,25576,3925,2238,996,87,0.825,0.0828,2022,5,5,1,20,tiktok
TT000398,2022-05-22,Multivitamin,before_after,nano,3596,46433,2863,471,178,133,158,0.429,0.0617,2022,5,6,1,20,tiktok
TT000399,2022-05-24,BCAA,tutorial,micro,35707,133801,7337,1614,576,541,113,0.846,0.0548,2022,5,1,0,21,tiktok
TT000400,2022-05-26,Vitamin C,tutorial,micro,12587,130902,11107,1181,1489,559,139,0.712,0.0849,2022,5,3,0,21,tiktok
TT000401,2022-05-27,Vitamin C,review,micro,39472,141377,13785,1478,1094,878,171,0.814,0.0975,2022,5,4,0,21,tiktok
TT000402,2022-05-29,Pre-Workout,transformation,macro,202609,827898,61892,8757,4869,6007,128,0.428,0.0748,2022,5,6,1,21,tiktok
TT000403,2022-05-30,Pre-Workout,tutorial,micro,41596,162132,15017,2382,1078,1061,164,0.602,0.0926,2022,5,0,0,22,tiktok
TT000404,2022-05-31,Multivitamin,before_after,micro,29311,106877,6742,1040,1097,404,102,0.681,0.0631,2022,5,1,0,22,tiktok
TT000405,2022-06-02,Whey Protein,tutorial,micro,23638,129318,11642,2081,1060,766,173,0.842,0.09,2022,6,3,0,22,tiktok
TT000406,2022-06-07,Vitamin C,review,mid,76233,115998,5504,1013,702,125,50,0.562,0.0475,2022,6,1,0,23,tiktok
TT000407,2022-06-10,Creatina,tutorial,mid,127489,193975,13708,2910,840,955,149,0.668,0.0707,2022,6,4,0,23,tiktok
TT000408,2022-06-11,Creatina,challenge,nano,9494,32462,1782,196,298,181,130,0.501,0.0549,2022,6,5,1,23,tiktok
TT000409,2022-06-12,Multivitamin,review,macro,691333,284502,15084,3518,2075,1337,78,0.701,0.053,2022,6,6,1,23,tiktok
TT000410,2022-06-14,Multivitamin,transformation,micro,24845,68388,3532,508,603,335,120,0.516,0.0517,2022,6,1,0,24,tiktok
TT000411,2022-06-16,Vitamin C,tutorial,mid,78820,197109,12695,2650,1418,544,86,0.747,0.0644,2022,6,3,0,24,tiktok
TT000412,2022-06-18,Pre-Workout,before_after,micro,10162,93295,4678,372,655,138,115,0.517,0.0501,2022,6,5,1,24,tiktok
TT000413,2022-06-19,Fish Oil,challenge,micro,33828,35372,1847,322,69,127,95,0.59,0.0522,2022,6,6,1,24,tiktok
TT000414,2022-06-22,Multivitamin,review,micro,16134,78135,2346,634,397,229,21,0.614,0.03,2022,6,2,0,25,tiktok
TT000415,2022-06-23,Fish Oil,before_after,micro,38967,60765,1957,244,212,209,71,0.579,0.0322,2022,6,3,0,25,tiktok
TT000416,2022-06-26,Creatina,before_after,nano,5563,38206,1561,290,170,117,53,0.82,0.0409,2022,6,6,1,25,tiktok
TT000417,2022-06-27,Fish Oil,tutorial,nano,5364,28705,1154,150,140,93,122,0.742,0.0402,2022,6,0,0,26,tiktok
TT000418,2022-06-28,BCAA,before_after,mid,78428,169240,7887,883,461,373,67,0.545,0.0466,2022,6,1,0,26,tiktok
TT000419,2022-06-30,Creatina,challenge,micro,39832,73182,1879,582,522,245,163,0.575,0.0257,2022,6,3,0,26,tiktok
TT000420,2022-07-01,Whey Protein,review,micro,39453,94227,4573,528,366,259,54,0.584,0.0485,2022,7,4,0,26,tiktok
TT000421,2022-07-03,Fish Oil,challenge,mid,103105,129215,5242,1344,301,201,173,0.877,0.0406,2022,7,6,1,26,tiktok
TT000422,2022-07-04,Pre-Workout,before_after,micro,36071,67208,2608,509,273,187,79,0.538,0.0388,2022,7,0,0,27,tiktok
TT000423,2022-07-05,BCAA,before_after,mid,84961,116734,4977,1291,677,228,151,0.507,0.0426,2022,7,1,0,27,tiktok
TT000424,2022-07-07,Pre-Workout,challenge,micro,31828,71642,2492,824,480,159,169,0.468,0.0348,2022,7,3,0,27,tiktok
TT000425,2022-07-09,Creatina,challenge,mid,94362,221121,7236,2423,551,508,77,0.504,0.0327,2022,7,5,1,27,tiktok
TT000426,2022-07-11,Fish Oil,review,mid,82233,99662,3345,397,771,355,165,0.879,0.0336,2022,7,0,0,28,tiktok
TT000427,2022-07-13,Pre-Workout,review,nano,6457,19570,964,186,127,64,25,0.575,0.0493,2022,7,2,0,28,tiktok
TT000428,2022-07-15,BCAA,tutorial,micro,30275,57186,1515,423,270,144,73,0.834,0.0265,2022,7,4,0,28,tiktok
TT000429,2022-07-22,Multivitamin,tutorial,micro,35043,115873,5000,1795,537,513,25,0.641,0.0432,2022,7,4,0,29,tiktok
TT000430,2022-07-23,Multivitamin,before_after,nano,9919,53569,2771,768,259,287,73,0.896,0.0517,2022,7,5,1,29,tiktok
TT000431,2022-07-25,Pre-Workout,before_after,mid,147379,202064,8410,2989,2340,787,121,0.738,0.0416,2022,7,0,0,30,tiktok
TT000432,2022-07-26,Creatina,tutorial,nano,8880,43239,2671,541,439,186,20,0.596,0.0618,2022,7,1,0,30,tiktok
TT000433,2022-07-28,Vitamin C,review,mid,120035,187755,10508,2499,752,763,18,0.53,0.056,2022,7,3,0,30,tiktok
TT000434,2022-08-04,Pre-Workout,transformation,micro,26835,124056,7994,644,929,213,118,0.665,0.0644,2022,8,3,0,31,tiktok
TT000435,2022-08-07,Vitamin C,challenge,micro,22251,66690,2936,572,405,211,99,0.883,0.044,2022,8,6,1,31,tiktok
TT000436,2022-08-08,Creatina,before_after,nano,6980,18713,938,202,117,72,32,0.73,0.0501,2022,8,0,0,32,tiktok
TT000437,2022-08-09,Multivitamin,before_after,macro,653123,466014,26072,4703,2540,808,126,0.524,0.0559,2022,8,1,0,32,tiktok
TT000438,2022-08-10,Vitamin C,tutorial,micro,46518,93581,3270,867,633,181,105,0.796,0.0349,2022,8,2,0,32,tiktok
TT000439,2022-08-12,BCAA,review,nano,8582,48485,3202,578,329,214,22,0.604,0.066,2022,8,4,0,32,tiktok
TT000440,2022-08-13,Whey Protein,transformation,nano,7724,48578,2402,529,432,216,26,0.642,0.0495,2022,8,5,1,32,tiktok
TT000441,2022-08-14,Multivitamin,tutorial,micro,10203,117085,4646,662,333,422,165,0.871,0.0397,2022,8,6,1,32,tiktok
TT000442,2022-08-15,Whey Protein,challenge,nano,3898,30805,1749,252,254,117,111,0.634,0.0568,2022,8,0,0,33,tiktok
TT000443,2022-08-16,Vitamin C,review,micro,48410,90723,6739,592,668,318,85,0.727,0.0743,2022,8,1,0,33,tiktok
TT000444,2022-08-21,Vitamin C,transformation,micro,43233,91068,6036,912,330,429,104,0.824,0.0663,2022,8,6,1,33,tiktok
TT000445,2022-08-22,Whey Protein,review,mid,119432,271102,19851,4256,3193,1262,33,0.464,0.0732,2022,8,0,0,34,tiktok
TT000446,2022-08-25,Whey Protein,before_after,nano,4174,44035,2632,508,166,134,57,0.855,0.0598,2022,8,3,0,34,tiktok
TT000447,2022-08-26,Vitamin C,challenge,nano,7506,23491,1208,217,111,71,53,0.528,0.0514,2022,8,4,0,34,tiktok
TT000448,2022-08-28,Fish Oil,transformation,macro,448720,223762,5784,1043,650,292,71,0.411,0.0258,2022,8,6,1,34,tiktok
TT000449,2022-08-30,Multivitamin,review,nano,9858,28655,884,245,55,51,97,0.522,0.0309,2022,8,1,0,35,tiktok
TT000450,2022-09-08,Vitamin C,before_after,micro,11755,81785,3073,866,162,283,58,0.817,0.0376,2022,9,3,0,36,tiktok
TT000451,2022-09-10,Vitamin C,before_after,mid,55992,134351,3571,766,872,351,145,0.651,0.0266,2022,9,5,1,36,tiktok
TT000452,2022-09-11,Fish Oil,review,mid,165596,190223,7418,686,769,493,172,0.62,0.039,2022,9,6,1,36,tiktok
TT000453,2022-09-14,Multivitamin,challenge,mid,50478,128505,4855,668,617,346,53,0.688,0.0378,2022,9,2,0,37,tiktok
TT000454,2022-09-17,Vitamin C,transformation,micro,20115,74890,3915,738,920,218,85,0.542,0.0523,2022,9,5,1,37,tiktok
TT000455,2022-09-19,Whey Protein,challenge,nano,8950,69745,6108,666,806,168,46,0.43,0.0876,2022,9,0,0,38,tiktok
TT000456,2022-09-20,Creatina,transformation,nano,3909,39311,3816,563,505,195,85,0.806,0.0971,2022,9,1,0,38,tiktok
TT000457,2022-09-21,Pre-Workout,transformation,micro,14755,123461,10415,1018,1616,308,106,0.471,0.0844,2022,9,2,0,38,tiktok
TT000458,2022-09-25,Creatina,tutorial,micro,29822,91841,2613,702,397,197,87,0.794,0.0285,2022,9,6,1,38,tiktok
TT000459,2022-09-27,Whey Protein,challenge,mid,83066,118715,5653,496,261,184,67,0.685,0.0476,2022,9,1,0,39,tiktok
TT000460,2022-09-28,BCAA,tutorial,mid,97483,210521,10359,1598,944,745,121,0.614,0.0492,2022,9,2,0,39,tiktok
TT000461,2022-10-02,Fish Oil,review,nano,6541,33481,1810,264,232,154,53,0.459,0.0541,2022,10,6,1,39,tiktok
TT000462,2022-10-05,Vitamin C,transformation,nano,4826,20253,750,150,157,63,101,0.829,0.0371,2022,10,2,0,40,tiktok
TT000463,2022-10-06,Fish Oil,tutorial,micro,45232,70356,3763,895,427,176,174,0.818,0.0535,2022,10,3,0,40,tiktok
TT000464,2022-10-11,Whey Protein,challenge,micro,33957,36085,965,204,111,37,121,0.536,0.0268,2022,10,1,0,41,tiktok
TT000465,2022-10-13,Vitamin C,before_after,micro,32217,41933,1079,111,146,48,96,0.685,0.0258,2022,10,3,0,41,tiktok
TT000466,2022-10-15,Creatina,tutorial,mid,107448,106964,4608,1456,304,313,76,0.711,0.0431,2022,10,5,1,41,tiktok
TT000467,2022-10-17,Vitamin C,transformation,micro,16428,52811,3571,321,410,244,132,0.744,0.0676,2022,10,0,0,42,tiktok
TT000468,2022-10-18,Fish Oil,challenge,macro,733742,523993,34536,6738,3970,1043,128,0.792,0.0659,2022,10,1,0,42,tiktok
TT000469,2022-10-19,Whey Protein,tutorial,nano,4854,41934,2238,218,130,181,111,0.471,0.0534,2022,10,2,0,42,tiktok
TT000470,2022-10-20,Fish Oil,transformation,micro,25136,86098,5413,1125,543,336,111,0.862,0.0629,2022,10,3,0,42,tiktok
TT000471,2022-10-21,Creatina,transformation,micro,11360,76611,7338,847,356,226,167,0.432,0.0958,2022,10,4,0,42,tiktok
TT000472,2022-10-24,Multivitamin,before_after,nano,9615,47881,4602,947,378,294,80,0.522,0.0961,2022,10,0,0,43,tiktok
TT000473,2022-10-25,Multivitamin,review,mid,80456,257894,23503,3576,1561,1372,34,0.403,0.0911,2022,10,1,0,43,tiktok
TT000474,2022-10-26,Pre-Workout,review,mid,130100,142135,9633,2523,1875,701,39,0.747,0.0678,2022,10,2,0,43,tiktok
TT000475,2022-10-27,Whey Protein,transformation,mid,153864,307640,26726,5291,2905,815,136,0.648,0.0869,2022,10,3,0,43,tiktok
TT000476,2022-10-28,Fish Oil,transformation,nano,2746,30084,993,151,82,111,156,0.747,0.033,2022,10,4,0,43,tiktok
TT000477,2022-10-30,Pre-Workout,before_after,nano,4615,23534,1098,104,126,83,32,0.877,0.0467,2022,10,6,1,43,tiktok
TT000478,2022-10-31,BCAA,challenge,nano,4487,29715,1315,249,252,105,133,0.573,0.0443,2022,10,0,0,44,tiktok
TT000479,2022-11-02,Vitamin C,tutorial,micro,48718,59298,3175,313,212,244,176,0.413,0.0536,2022,11,2,0,44,tiktok
TT000480,2022-11-05,Whey Protein,review,mid,179409,176954,9223,958,1190,731,177,0.566,0.0521,2022,11,5,1,44,tiktok
TT000481,2022-11-08,BCAA,transformation,micro,16214,76100,4698,592,614,133,83,0.456,0.0617,2022,11,1,0,45,tiktok
TT000482,2022-11-10,Creatina,tutorial,nano,1772,46253,2370,374,308,69,145,0.796,0.0513,2022,11,3,0,45,tiktok
TT000483,2022-11-11,BCAA,challenge,nano,3416,39001,2194,452,289,62,53,0.616,0.0563,2022,11,4,0,45,tiktok
TT000484,2022-11-13,Multivitamin,tutorial,nano,6997,29480,1253,202,134,74,148,0.726,0.0425,2022,11,6,1,45,tiktok
TT000485,2022-11-14,Fish Oil,tutorial,micro,27628,47366,1692,309,288,86,97,0.504,0.0357,2022,11,0,0,46,tiktok
TT000486,2022-11-15,Whey Protein,tutorial,mid,50783,198878,10864,2070,1229,708,83,0.764,0.0546,2022,11,1,0,46,tiktok
TT000487,2022-11-16,Pre-Workout,tutorial,micro,41481,64639,3786,513,409,147,22,0.714,0.0586,2022,11,2,0,46,tiktok
TT000488,2022-11-18,Pre-Workout,transformation,micro,21496,105403,8514,1090,926,420,75,0.734,0.0808,2022,11,4,0,46,tiktok
TT000489,2022-12-03,BCAA,challenge,nano,5471,22102,830,150,153,49,78,0.607,0.0376,2022,12,5,1,48,tiktok
TT000490,2022-12-07,BCAA,before_after,nano,8105,43110,2456,367,281,100,173,0.666,0.057,2022,12,2,0,49,tiktok
TT000491,2022-12-09,Whey Protein,before_after,nano,3543,39826,2495,391,103,165,160,0.568,0.0627,2022,12,4,0,49,tiktok
TT000492,2022-12-12,Multivitamin,before_after,micro,35467,93989,5867,1128,723,282,79,0.859,0.0624,2022,12,0,0,50,tiktok
TT000493,2022-12-15,Vitamin C,challenge,mid,187870,237362,8230,1793,895,361,151,0.551,0.0347,2022,12,3,0,50,tiktok
TT000494,2022-12-17,BCAA,before_after,nano,9483,18011,694,140,71,55,48,0.437,0.0386,2022,12,5,1,50,tiktok
TT000495,2022-12-21,Multivitamin,challenge,mid,74771,181792,5473,1599,777,443,85,0.607,0.0301,2022,12,2,0,51,tiktok
TT000496,2022-12-24,Fish Oil,challenge,nano,5069,26939,948,103,181,74,154,0.895,0.0352,2022,12,5,1,51,tiktok
TT000497,2022-12-27,BCAA,transformation,nano,3030,15312,576,126,84,24,151,0.856,0.0376,2022,12,1,0,52,tiktok
TT000498,2022-12-28,Pre-Workout,before_after,nano,8647,14827,603,55,55,44,75,0.697,0.0407,2022,12,2,0,52,tiktok
TT000499,2022-12-30,Vitamin C,transformation,macro,385228,238578,16213,1781,1952,1076,169,0.604,0.068,2022,12,4,0,52,tiktok
TT000500,2023-01-02,Pre-Workout,transformation,mid,92263,95885,5102,563,613,293,177,0.573,0.0532,2023,1,0,0,1,tiktok
TT000501,2023-01-03,Creatina,transformation,micro,14152,52046,2416,441,357,101,81,0.51,0.0464,2023,1,1,0,1,tiktok
TT000502,2023-01-04,Fish Oil,before_after,micro,17617,111361,5205,1154,781,418,19,0.868,0.0467,2023,1,2,0,1,tiktok
TT000503,2023-01-06,BCAA,challenge,nano,6909,40275,2102,343,164,158,134,0.564,0.0522,2023,1,4,0,1,tiktok
TT000504,2023-01-08,BCAA,tutorial,macro,645303,341252,16492,1734,3094,1405,50,0.747,0.0483,2023,1,6,1,1,tiktok
TT000505,2023-01-12,Fish Oil,tutorial,macro,904367,283851,15584,3213,1893,1139,50,0.507,0.0549,2023,1,3,0,2,tiktok
TT000506,2023-01-15,Multivitamin,before_after,mid,179738,137805,3486,564,662,335,107,0.79,0.0253,2023,1,6,1,2,tiktok
TT000507,2023-01-16,Fish Oil,transformation,micro,35335,66118,2158,415,336,144,77,0.794,0.0327,2023,1,0,0,3,tiktok
TT000508,2023-01-17,BCAA,review,mid,54862,145765,4191,1025,363,216,52,0.683,0.0288,2023,1,1,0,3,tiktok
TT000509,2023-01-20,Pre-Workout,challenge,micro,22752,83859,2563,477,186,202,131,0.854,0.0306,2023,1,4,0,3,tiktok
TT000510,2023-01-22,Fish Oil,challenge,mid,192750,104339,3701,422,404,201,72,0.717,0.0355,2023,1,6,1,3,tiktok
TT000511,2023-01-24,Multivitamin,tutorial,nano,4640,37451,1585,189,195,81,126,0.643,0.0423,2023,1,1,0,4,tiktok
TT000512,2023-01-27,Creatina,tutorial,nano,5841,33906,1900,309,114,63,145,0.875,0.0561,2023,1,4,0,4,tiktok
TT000513,2023-01-28,Whey Protein,review,nano,7804,35615,1754,297,128,87,46,0.875,0.0493,2023,1,5,1,4,tiktok
TT000514,2023-02-03,Multivitamin,before_after,micro,10713,66282,4276,616,191,298,142,0.709,0.0645,2023,2,4,0,5,tiktok
TT000515,2023-02-06,Whey Protein,tutorial,mid,71228,226242,15571,1616,1329,637,62,0.81,0.0688,2023,2,0,0,6,tiktok
TT000516,2023-02-09,Multivitamin,before_after,micro,16516,139119,5142,978,923,642,109,0.701,0.037,2023,2,3,0,6,tiktok
TT000517,2023-02-10,Creatina,challenge,micro,47373,86027,3338,718,571,320,72,0.733,0.0388,2023,2,4,0,6,tiktok
TT000518,2023-02-12,Creatina,review,macro,400143,377593,18923,2591,1506,1403,62,0.535,0.0501,2023,2,6,1,6,tiktok
TT000519,2023-02-13,BCAA,review,macro,976285,254902,7846,2648,1635,377,72,0.778,0.0308,2023,2,0,0,7,tiktok
TT000520,2023-02-14,BCAA,tutorial,micro,44092,85223,3804,457,204,227,57,0.606,0.0446,2023,2,1,0,7,tiktok
TT000521,2023-02-16,BCAA,tutorial,nano,1742,15465,766,119,53,35,151,0.754,0.0496,2023,2,3,0,7,tiktok
TT000522,2023-02-17,Pre-Workout,before_after,nano,7815,49989,3054,433,545,238,101,0.874,0.0611,2023,2,4,0,7,tiktok
TT000523,2023-02-20,Multivitamin,tutorial,micro,14192,151354,9194,1742,499,393,55,0.823,0.0607,2023,2,0,0,8,tiktok
TT000524,2023-02-22,Fish Oil,challenge,nano,4943,25478,1075,291,139,92,87,0.681,0.0422,2023,2,2,0,8,tiktok
TT000525,2023-02-27,Pre-Workout,before_after,macro,611226,140932,5881,451,669,190,101,0.433,0.0417,2023,2,0,0,9,tiktok
TT000526,2023-03-02,Whey Protein,challenge,nano,2561,15941,500,76,80,18,74,0.508,0.0314,2023,3,3,0,9,tiktok
TT000527,2023-03-03,Vitamin C,tutorial,nano,3134,32887,860,207,178,52,56,0.415,0.0262,2023,3,4,0,9,tiktok
TT000528,2023-03-08,Multivitamin,transformation,macro,531899,310913,11711,888,1282,846,145,0.491,0.0377,2023,3,2,0,10,tiktok
TT000529,2023-03-19,Pre-Workout,challenge,micro,26791,67381,1874,309,334,126,152,0.419,0.0278,2023,3,6,1,11,tiktok
TT000530,2023-03-20,Fish Oil,tutorial,mid,162460,121673,3350,899,298,190,43,0.862,0.0275,2023,3,0,0,12,tiktok
TT000531,2023-03-22,Vitamin C,review,mid,147685,110462,3295,374,355,302,19,0.617,0.0298,2023,3,2,0,12,tiktok
TT000532,2023-03-24,Multivitamin,transformation,nano,5159,37664,2569,426,412,152,96,0.68,0.0682,2023,3,4,0,12,tiktok
TT000533,2023-03-26,Vitamin C,challenge,mid,64656,169340,7063,928,1577,418,52,0.449,0.0417,2023,3,6,1,12,tiktok
TT000534,2023-03-30,BCAA,challenge,nano,4442,50274,3794,566,370,191,103,0.511,0.0755,2023,3,3,0,13,tiktok
TT000535,2023-04-01,Multivitamin,challenge,nano,3799,44871,3945,604,327,180,32,0.752,0.0879,2023,4,5,1,13,tiktok
TT000536,2023-04-02,Whey Protein,transformation,nano,9216,29431,2623,450,373,104,34,0.594,0.0892,2023,4,6,1,13,tiktok
TT000537,2023-04-06,Fish Oil,transformation,nano,4731,34974,3041,600,377,127,49,0.858,0.087,2023,4,3,0,14,tiktok
TT000538,2023-04-12,Vitamin C,transformation,mid,79825,162701,11357,881,734,359,85,0.863,0.0698,2023,4,2,0,15,tiktok
TT000539,2023-04-13,BCAA,review,mid,155064,115917,7504,975,406,217,113,0.452,0.0647,2023,4,3,0,15,tiktok
TT000540,2023-04-14,Fish Oil,tutorial,micro,19434,94979,4994,805,296,194,41,0.577,0.0526,2023,4,4,0,15,tiktok
TT000541,2023-04-15,Creatina,tutorial,macro,960299,217002,11188,2164,573,454,107,0.828,0.0516,2023,4,5,1,15,tiktok
TT000542,2023-04-16,Creatina,challenge,macro,263676,407750,15547,4935,2354,735,169,0.498,0.0381,2023,4,6,1,15,tiktok
TT000543,2023-04-21,Pre-Workout,tutorial,mid,154590,174840,8980,1560,593,604,137,0.68,0.0514,2023,4,4,0,16,tiktok
TT000544,2023-04-25,Vitamin C,tutorial,nano,1079,40237,1878,182,294,164,178,0.83,0.0467,2023,4,1,0,17,tiktok
TT000545,2023-04-26,BCAA,tutorial,nano,4192,40841,1538,419,153,161,154,0.531,0.0377,2023,4,2,0,17,tiktok
TT000546,2023-05-01,Whey Protein,before_after,nano,3602,35129,1436,201,142,48,93,0.596,0.0409,2023,5,0,0,18,tiktok
TT000547,2023-05-03,Pre-Workout,review,micro,32712,55508,1925,440,175,78,157,0.513,0.0347,2023,5,2,0,18,tiktok
TT000548,2023-05-06,Multivitamin,review,micro,48739,178334,16280,1649,1714,594,21,0.652,0.0913,2023,5,5,1,18,tiktok
TT000549,2023-05-08,Vitamin C,transformation,nano,2896,32870,1969,443,294,188,172,0.776,0.0599,2023,5,0,0,19,tiktok
TT000550,2023-05-09,Fish Oil,tutorial,mid,123494,313867,20613,2283,3322,744,108,0.493,0.0657,2023,5,1,0,19,tiktok
TT000551,2023-05-11,Multivitamin,before_after,micro,10038,79254,4864,974,967,176,135,0.588,0.0614,2023,5,3,0,19,tiktok
TT000552,2023-05-12,Vitamin C,challenge,macro,420970,429003,23942,2597,1433,1088,77,0.84,0.0558,2023,5,4,0,19,tiktok
TT000553,2023-05-13,Vitamin C,before_after,macro,788743,289122,17141,2759,2092,853,136,0.691,0.0593,2023,5,5,1,19,tiktok
TT000554,2023-05-14,Creatina,challenge,micro,24582,62444,2733,515,229,103,21,0.765,0.0438,2023,5,6,1,19,tiktok
TT000555,2023-05-16,Pre-Workout,review,nano,9742,26281,1587,247,63,87,156,0.746,0.0604,2023,5,1,0,20,tiktok
TT000556,2023-05-19,Fish Oil,review,micro,28007,98076,8784,1379,1148,289,157,0.452,0.0896,2023,5,4,0,20,tiktok
TT000557,2023-05-22,BCAA,tutorial,mid,164201,328197,22926,5414,3755,1600,77,0.612,0.0699,2023,5,0,0,21,tiktok
TT000558,2023-05-23,BCAA,transformation,micro,11663,149805,9818,956,1470,595,89,0.508,0.0655,2023,5,1,0,21,tiktok
TT000559,2023-05-24,Fish Oil,before_after,mid,77910,321438,20321,3243,2642,1965,43,0.715,0.0632,2023,5,2,0,21,tiktok
TT000560,2023-05-25,Vitamin C,review,mid,152024,128294,8853,1781,1708,547,90,0.645,0.069,2023,5,3,0,21,tiktok
TT000561,2023-05-28,Pre-Workout,transformation,nano,5650,24002,1589,374,234,49,58,0.438,0.0662,2023,5,6,1,21,tiktok
TT000562,2023-06-01,BCAA,challenge,macro,679077,609118,44331,8097,5521,2264,173,0.828,0.0728,2023,6,3,0,22,tiktok
TT000563,2023-06-02,BCAA,tutorial,micro,15084,136473,10023,1547,998,297,151,0.548,0.0734,2023,6,4,0,22,tiktok
TT000564,2023-06-03,Creatina,before_after,mid,185185,288338,11744,2117,884,1239,156,0.475,0.0407,2023,6,5,1,22,tiktok
TT000565,2023-06-04,Creatina,review,macro,418400,264972,13507,3608,1202,1121,70,0.851,0.051,2023,6,6,1,22,tiktok
TT000566,2023-06-07,Vitamin C,tutorial,micro,25846,126660,9901,1793,608,620,77,0.453,0.0782,2023,6,2,0,23,tiktok
TT000567,2023-06-22,Multivitamin,transformation,nano,4556,20595,1456,172,196,47,92,0.466,0.0707,2023,6,3,0,25,tiktok
TT000568,2023-06-24,Creatina,tutorial,micro,12650,102651,5410,553,804,355,118,0.684,0.0527,2023,6,5,1,25,tiktok
TT000569,2023-06-28,Whey Protein,challenge,mid,177015,233009,16008,1372,773,969,28,0.603,0.0687,2023,6,2,0,26,tiktok
TT000570,2023-06-29,Vitamin C,review,nano,6676,38078,1951,293,218,153,178,0.656,0.0513,2023,6,3,0,26,tiktok
TT000571,2023-06-30,Vitamin C,before_after,macro,533449,296761,14435,3026,1367,839,52,0.87,0.0486,2023,6,4,0,26,tiktok
TT000572,2023-07-02,Whey Protein,challenge,nano,3189,54179,2822,691,214,153,51,0.414,0.0521,2023,7,6,1,26,tiktok
TT000573,2023-07-03,Fish Oil,before_after,micro,24587,137325,6606,1497,1250,640,152,0.413,0.0481,2023,7,0,0,27,tiktok
TT000574,2023-07-05,Whey Protein,transformation,micro,45395,131527,8433,1239,837,372,24,0.523,0.0641,2023,7,2,0,27,tiktok
TT000575,2023-07-08,Whey Protein,review,nano,9518,26981,1732,424,150,147,86,0.773,0.0642,2023,7,5,1,27,tiktok
TT000576,2023-07-09,BCAA,tutorial,nano,2868,33875,1853,562,245,176,123,0.567,0.0547,2023,7,6,1,27,tiktok
TT000577,2023-07-11,Creatina,tutorial,micro,32776,74074,5336,736,763,300,144,0.567,0.072,2023,7,1,0,28,tiktok
TT000578,2023-07-15,Whey Protein,transformation,nano,8201,26415,964,227,66,79,24,0.825,0.0365,2023,7,5,1,28,tiktok
TT000579,2023-07-17,Fish Oil,tutorial,micro,16534,73812,2562,423,198,293,90,0.568,0.0347,2023,7,0,0,29,tiktok
TT000580,2023-07-19,Fish Oil,before_after,nano,8659,34874,1763,214,77,50,28,0.825,0.0506,2023,7,2,0,29,tiktok
TT000581,2023-07-21,Multivitamin,challenge,micro,12798,167541,14795,1485,1687,513,57,0.445,0.0883,2023,7,4,0,29,tiktok
TT000582,2023-07-23,Pre-Workout,challenge,nano,6160,34034,2981,292,127,105,177,0.777,0.0876,2023,7,6,1,29,tiktok
TT000583,2023-07-24,Creatina,tutorial,mid,170368,155150,9418,1210,1689,704,145,0.86,0.0607,2023,7,0,0,30,tiktok
TT000584,2023-07-25,Pre-Workout,challenge,macro,637978,366856,21928,3612,3674,852,174,0.661,0.0598,2023,7,1,0,30,tiktok
TT000585,2023-07-27,Vitamin C,before_after,macro,236176,347701,25688,2474,2642,1990,163,0.745,0.0739,2023,7,3,0,30,tiktok
TT000586,2023-07-31,Vitamin C,tutorial,mid,152787,131411,5926,900,809,429,17,0.836,0.0451,2023,7,0,0,31,tiktok
TT000587,2023-08-01,Whey Protein,tutorial,nano,9601,21861,668,184,172,44,159,0.797,0.0306,2023,8,1,0,31,tiktok
TT000588,2023-08-02,Creatina,tutorial,mid,196130,210349,11651,1903,623,706,145,0.867,0.0554,2023,8,2,0,31,tiktok
TT000589,2023-08-06,Multivitamin,tutorial,micro,34053,145276,8363,1630,1108,263,141,0.485,0.0576,2023,8,6,1,31,tiktok
TT000590,2023-08-08,BCAA,challenge,mid,91359,122488,8481,1499,441,501,35,0.875,0.0692,2023,8,1,0,32,tiktok
TT000591,2023-08-09,Whey Protein,before_after,nano,5340,61297,4027,372,346,285,121,0.811,0.0657,2023,8,2,0,32,tiktok
TT000592,2023-08-10,BCAA,review,nano,4206,33821,1343,423,173,67,125,0.486,0.0397,2023,8,3,0,32,tiktok
TT000593,2023-08-11,Vitamin C,challenge,nano,9159,32420,1170,324,232,141,47,0.653,0.0361,2023,8,4,0,32,tiktok
TT000594,2023-08-12,Fish Oil,tutorial,mid,93787,101507,6106,898,431,199,39,0.657,0.0602,2023,8,5,1,32,tiktok
TT000595,2023-08-13,Fish Oil,tutorial,nano,1301,42622,2105,210,305,137,32,0.757,0.0494,2023,8,6,1,32,tiktok
TT000596,2023-08-14,Pre-Workout,challenge,macro,604426,313224,18255,2369,1987,1087,30,0.631,0.0583,2023,8,0,0,33,tiktok
TT000597,2023-08-16,BCAA,transformation,nano,9785,46776,2301,382,393,199,117,0.734,0.0492,2023,8,2,0,33,tiktok
TT000598,2023-08-17,Pre-Workout,tutorial,micro,26181,116181,4614,938,588,475,178,0.805,0.0397,2023,8,3,0,33,tiktok
TT000599,2023-08-18,Fish Oil,review,micro,16394,146739,10327,1769,1477,399,60,0.526,0.0704,2023,8,4,0,33,tiktok
TT000600,2023-08-19,Pre-Workout,review,nano,1384,52522,4327,596,372,301,33,0.763,0.0824,2023,8,5,1,33,tiktok
TT000601,2023-08-23,Multivitamin,transformation,micro,15591,95793,6719,1203,693,367,111,0.523,0.0701,2023,8,2,0,34,tiktok
TT000602,2023-08-30,Whey Protein,review,mid,68177,112554,7180,641,675,489,82,0.524,0.0638,2023,8,2,0,35,tiktok
TT000603,2023-09-01,Pre-Workout,challenge,macro,293919,560245,44045,9480,5746,3755,40,0.616,0.0786,2023,9,4,0,35,tiktok
TT000604,2023-09-02,Multivitamin,challenge,nano,8434,53439,5977,879,298,318,57,0.785,0.1119,2023,9,5,1,35,tiktok
TT000605,2023-09-03,Whey Protein,transformation,nano,8442,64931,5602,683,972,205,96,0.763,0.0863,2023,9,6,1,35,tiktok
TT000606,2023-09-04,Fish Oil,challenge,nano,6496,85773,7479,1421,913,304,40,0.827,0.0872,2023,9,0,0,36,tiktok
TT000607,2023-09-06,Vitamin C,review,macro,367521,434581,37690,7103,6619,2126,103,0.542,0.0867,2023,9,2,0,36,tiktok
TT000608,2023-09-09,Vitamin C,challenge,nano,2208,50045,1789,249,302,155,95,0.757,0.0358,2023,9,5,1,36,tiktok
TT000609,2023-09-10,Whey Protein,before_after,nano,5491,33958,1867,274,295,133,37,0.532,0.055,2023,9,6,1,36,tiktok
TT000610,2023-09-12,Multivitamin,before_after,nano,8965,47238,2938,226,129,164,39,0.642,0.0622,2023,9,1,0,37,tiktok
TT000611,2023-09-14,Whey Protein,transformation,nano,6491,29791,1673,137,77,73,123,0.467,0.0562,2023,9,3,0,37,tiktok
TT000612,2023-09-18,BCAA,review,nano,5540,35917,1884,420,263,87,157,0.486,0.0525,2023,9,0,0,38,tiktok
TT000613,2023-09-19,Pre-Workout,review,macro,326211,284882,16525,2927,1951,532,179,0.733,0.058,2023,9,1,0,38,tiktok
TT000614,2023-09-20,Whey Protein,review,micro,49779,47523,2435,587,165,181,115,0.584,0.0513,2023,9,2,0,38,tiktok
TT000615,2023-09-22,Creatina,tutorial,nano,7466,41287,1164,216,197,125,87,0.53,0.0282,2023,9,4,0,38,tiktok
TT000616,2023-09-23,BCAA,transformation,mid,159957,85508,4314,878,653,297,35,0.773,0.0505,2023,9,5,1,38,tiktok
TT000617,2023-09-27,Whey Protein,before_after,mid,63615,108879,3953,633,683,179,100,0.781,0.0363,2023,9,2,0,39,tiktok
TT000618,2023-09-29,Whey Protein,transformation,micro,26910,44944,2710,341,112,165,104,0.817,0.0603,2023,9,4,0,39,tiktok
TT000619,2023-09-30,Fish Oil,challenge,micro,17185,94824,4359,893,441,196,36,0.785,0.046,2023,9,5,1,39,tiktok
TT000620,2023-10-02,BCAA,transformation,mid,156247,180832,10073,862,475,533,144,0.652,0.0557,2023,10,0,0,40,tiktok
TT000621,2023-10-03,Creatina,challenge,nano,4538,50365,2350,470,297,204,105,0.534,0.0467,2023,10,1,0,40,tiktok
TT000622,2023-10-04,Whey Protein,tutorial,nano,2449,20432,775,185,140,37,71,0.866,0.038,2023,10,2,0,40,tiktok
TT000623,2023-10-05,BCAA,before_after,micro,46556,63758,2193,836,416,248,59,0.845,0.0344,2023,10,3,0,40,tiktok
TT000624,2023-10-12,Vitamin C,tutorial,nano,6698,28981,1557,333,228,74,109,0.479,0.0537,2023,10,3,0,41,tiktok
TT000625,2023-10-14,Creatina,before_after,nano,6100,27956,1419,233,185,61,104,0.751,0.0508,2023,10,5,1,41,tiktok
TT000626,2023-10-16,BCAA,challenge,micro,38997,43487,2391,189,296,138,178,0.433,0.055,2023,10,0,0,42,tiktok
TT000627,2023-10-18,Pre-Workout,tutorial,mid,123578,170734,8419,904,492,332,26,0.498,0.0493,2023,10,2,0,42,tiktok
TT000628,2023-10-20,Multivitamin,transformation,nano,8529,53948,3388,562,166,188,161,0.415,0.0628,2023,10,4,0,42,tiktok
TT000629,2023-10-21,Multivitamin,challenge,nano,7492,24476,1136,110,228,42,146,0.564,0.0464,2023,10,5,1,42,tiktok
TT000630,2023-10-22,Whey Protein,before_after,mid,93108,144069,6720,1549,624,567,178,0.759,0.0466,2023,10,6,1,42,tiktok
TT000631,2023-10-25,Pre-Workout,challenge,micro,31292,46774,2502,488,404,169,160,0.579,0.0535,2023,10,2,0,43,tiktok
TT000632,2023-10-27,BCAA,tutorial,nano,9818,14489,699,123,76,35,150,0.569,0.0483,2023,10,4,0,43,tiktok
TT000633,2023-10-30,Vitamin C,challenge,micro,23433,83467,3704,589,271,273,44,0.673,0.0444,2023,10,0,0,44,tiktok
TT000634,2023-11-03,Vitamin C,transformation,micro,48032,69365,2873,661,157,228,77,0.673,0.0414,2023,11,4,0,44,tiktok
TT000635,2023-11-05,Multivitamin,before_after,mid,128732,75794,3391,527,228,197,138,0.732,0.0447,2023,11,6,1,44,tiktok
TT000636,2023-11-06,Fish Oil,tutorial,mid,144515,87779,2710,814,675,216,82,0.841,0.0309,2023,11,0,0,45,tiktok
TT000637,2023-11-11,Pre-Workout,review,mid,188628,214766,7654,835,1438,768,16,0.591,0.0356,2023,11,5,1,45,tiktok
TT000638,2023-11-16,BCAA,transformation,mid,70167,153821,6351,1449,901,473,150,0.821,0.0413,2023,11,3,0,46,tiktok
TT000639,2023-11-17,Creatina,review,nano,7873,30910,1650,333,293,90,65,0.779,0.0534,2023,11,4,0,46,tiktok
TT000640,2023-11-18,Whey Protein,tutorial,mid,144924,210397,11804,2604,762,910,89,0.817,0.0561,2023,11,5,1,46,tiktok
TT000641,2023-11-19,Fish Oil,before_after,micro,43483,99135,6925,913,277,171,127,0.456,0.0699,2023,11,6,1,46,tiktok
TT000642,2023-11-23,Vitamin C,tutorial,micro,25063,113905,4139,835,945,450,138,0.491,0.0363,2023,11,3,0,47,tiktok
TT000643,2023-11-26,BCAA,review,mid,169101,179756,7849,1528,1329,314,52,0.856,0.0437,2023,11,6,1,47,tiktok
TT000644,2023-11-27,Vitamin C,transformation,micro,44536,53444,2762,547,162,167,119,0.847,0.0517,2023,11,0,0,48,tiktok
TT000645,2023-11-28,BCAA,transformation,micro,25502,51250,2405,451,222,129,157,0.828,0.0469,2023,11,1,0,48,tiktok
TT000646,2023-12-01,Fish Oil,tutorial,mid,101427,208607,10563,1197,793,520,162,0.458,0.0506,2023,12,4,0,48,tiktok
TT000647,2023-12-03,BCAA,tutorial,mid,199669,105633,6201,447,838,420,155,0.443,0.0587,2023,12,6,1,48,tiktok
TT000648,2023-12-05,Creatina,transformation,micro,17276,53535,2178,655,282,214,174,0.734,0.0407,2023,12,1,0,49,tiktok
TT000649,2023-12-08,Vitamin C,tutorial,micro,37402,55031,2004,463,456,103,48,0.699,0.0364,2023,12,4,0,49,tiktok
TT000650,2023-12-14,Whey Protein,challenge,micro,16544,43834,1484,325,251,160,135,0.736,0.0339,2023,12,3,0,50,tiktok
TT000651,2023-12-15,Whey Protein,tutorial,micro,42423,77017,2274,316,399,127,53,0.803,0.0295,2023,12,4,0,50,tiktok
TT000652,2023-12-16,Whey Protein,challenge,micro,28222,94534,3135,492,691,123,86,0.899,0.0332,2023,12,5,1,50,tiktok
TT000653,2023-12-20,Whey Protein,transformation,nano,6311,17362,858,164,79,60,112,0.86,0.0494,2023,12,2,0,51,tiktok
TT000654,2023-12-21,Fish Oil,review,mid,106064,109885,4445,542,315,290,63,0.764,0.0405,2023,12,3,0,51,tiktok
TT000655,2023-12-22,Creatina,before_after,micro,37480,65407,3577,841,527,165,99,0.463,0.0547,2023,12,4,0,51,tiktok
TT000656,2023-12-23,Creatina,before_after,micro,35721,47780,3005,466,153,118,117,0.867,0.0629,2023,12,5,1,51,tiktok
TT000657,2023-12-25,Pre-Workout,review,macro,276552,504864,29092,5448,1992,1134,117,0.472,0.0576,2023,12,0,0,52,tiktok
TT000658,2023-12-31,Multivitamin,before_after,mid,110574,163720,8444,1559,1259,533,15,0.787,0.0516,2023,12,6,1,52,tiktok
TT000659,2024-01-01,Pre-Workout,challenge,mid,124949,185865,7873,1367,1181,297,83,0.853,0.0424,2024,1,0,0,1,tiktok
TT000660,2024-01-05,Creatina,challenge,micro,34182,129205,8585,895,1006,477,148,0.794,0.0664,2024,1,4,0,1,tiktok
TT000661,2024-01-07,Multivitamin,transformation,nano,1716,43100,1908,711,184,170,168,0.726,0.0443,2024,1,6,1,1,tiktok
TT000662,2024-01-08,Whey Protein,transformation,nano,1276,44124,2437,648,244,113,65,0.558,0.0552,2024,1,0,0,2,tiktok
TT000663,2024-01-09,Pre-Workout,review,micro,47403,83480,6265,850,708,425,57,0.617,0.0751,2024,1,1,0,2,tiktok
TT000664,2024-01-12,BCAA,challenge,macro,778654,248268,7993,2086,1363,295,165,0.597,0.0322,2024,1,4,0,2,tiktok
TT000665,2024-01-21,Pre-Workout,tutorial,nano,7551,39616,2622,462,275,95,117,0.753,0.0662,2024,1,6,1,3,tiktok
TT000666,2024-01-24,Whey Protein,before_after,nano,4534,29253,1525,445,204,118,118,0.565,0.0521,2024,1,2,0,4,tiktok
TT000667,2024-01-25,Pre-Workout,transformation,micro,49532,91832,3656,1379,419,440,124,0.492,0.0398,2024,1,3,0,4,tiktok
TT000668,2024-01-28,BCAA,tutorial,nano,6438,27761,1208,216,178,50,30,0.891,0.0435,2024,1,6,1,4,tiktok
TT000669,2024-01-31,Vitamin C,review,mid,127823,105544,5407,726,400,384,30,0.895,0.0512,2024,1,2,0,5,tiktok
TT000670,2024-02-01,Vitamin C,review,nano,9667,35528,1972,276,174,87,56,0.686,0.0555,2024,2,3,0,5,tiktok
TT000671,2024-02-03,Whey Protein,tutorial,mid,166482,187777,8111,1304,874,365,68,0.667,0.0432,2024,2,5,1,5,tiktok
TT000672,2024-02-08,Creatina,transformation,nano,1179,43032,2001,247,182,109,44,0.851,0.0465,2024,2,3,0,6,tiktok
TT000673,2024-02-09,Multivitamin,tutorial,micro,43689,34736,670,191,101,40,53,0.798,0.0193,2024,2,4,0,6,tiktok
TT000674,2024-02-10,Whey Protein,review,micro,26924,31396,823,111,108,21,76,0.509,0.0262,2024,2,5,1,6,tiktok
TT000675,2024-02-11,BCAA,transformation,mid,90056,76713,1717,285,80,139,108,0.66,0.0224,2024,2,6,1,6,tiktok
TT000676,2024-02-20,Multivitamin,before_after,mid,121699,198724,10076,1030,667,467,176,0.89,0.0507,2024,2,1,0,8,tiktok
TT000677,2024-02-21,Whey Protein,tutorial,micro,35158,82523,3437,336,249,151,31,0.423,0.0417,2024,2,2,0,8,tiktok
TT000678,2024-02-23,Pre-Workout,review,mid,148540,60755,2192,301,169,159,142,0.675,0.0361,2024,2,4,0,8,tiktok
TT000679,2024-02-24,Multivitamin,review,nano,8481,32399,1263,212,177,60,127,0.439,0.039,2024,2,5,1,8,tiktok
TT000680,2024-02-29,Multivitamin,review,mid,95618,85883,2720,429,255,221,91,0.678,0.0317,2024,2,3,0,9,tiktok
TT000681,2024-03-02,Vitamin C,challenge,nano,6525,45998,4343,654,157,212,34,0.511,0.0944,2024,3,5,1,9,tiktok
TT000682,2024-03-03,Pre-Workout,challenge,micro,26062,107607,6516,1940,700,588,95,0.72,0.0606,2024,3,6,1,9,tiktok
TT000683,2024-03-05,Vitamin C,review,nano,5256,75039,7144,991,738,273,95,0.433,0.0952,2024,3,1,0,10,tiktok
TT000684,2024-03-06,Multivitamin,tutorial,mid,63258,184335,10069,2546,2449,480,130,0.866,0.0546,2024,3,2,0,10,tiktok
TT000685,2024-03-07,Creatina,challenge,micro,49046,136265,8385,1988,501,749,44,0.588,0.0615,2024,3,3,0,10,tiktok
TT000686,2024-03-09,Vitamin C,review,nano,2525,44933,2582,686,344,148,155,0.696,0.0575,2024,3,5,1,10,tiktok
TT000687,2024-03-10,Creatina,review,nano,5633,25166,1059,158,155,63,73,0.827,0.0421,2024,3,6,1,10,tiktok
TT000688,2024-03-11,BCAA,review,nano,2527,50986,2577,341,488,142,174,0.885,0.0506,2024,3,0,0,11,tiktok
TT000689,2024-03-13,Vitamin C,tutorial,nano,5507,24661,1617,144,242,53,22,0.846,0.0656,2024,3,2,0,11,tiktok
TT000690,2024-03-14,Whey Protein,challenge,nano,1153,25726,1101,288,74,92,34,0.785,0.0428,2024,3,3,0,11,tiktok
TT000691,2024-03-15,Whey Protein,transformation,nano,3440,77197,5303,1263,789,483,16,0.845,0.0687,2024,3,4,0,11,tiktok
TT000692,2024-03-16,Fish Oil,challenge,mid,51273,214622,16104,2859,809,1110,116,0.568,0.075,2024,3,5,1,11,tiktok
TT000693,2024-03-19,Creatina,tutorial,nano,9188,79048,4913,846,1114,185,141,0.896,0.0622,2024,3,1,0,12,tiktok
TT000694,2024-03-23,BCAA,tutorial,micro,34596,129242,7182,1756,347,500,85,0.713,0.0556,2024,3,5,1,12,tiktok
TT000695,2024-03-25,Fish Oil,challenge,micro,10651,54406,2566,517,205,216,120,0.744,0.0472,2024,3,0,0,13,tiktok
TT000696,2024-03-26,Whey Protein,review,nano,1134,44295,1627,628,306,163,81,0.741,0.0367,2024,3,1,0,13,tiktok
TT000697,2024-03-27,Pre-Workout,challenge,nano,8735,29291,1309,322,170,67,116,0.419,0.0447,2024,3,2,0,13,tiktok
TT000698,2024-03-30,Fish Oil,tutorial,mid,160558,249430,21490,1661,1595,646,86,0.688,0.0862,2024,3,5,1,13,tiktok
TT000699,2024-03-31,Whey Protein,challenge,macro,754704,730820,47572,12216,4294,2795,111,0.869,0.0651,2024,3,6,1,13,tiktok
TT000700,2024-04-01,Fish Oil,before_after,macro,920558,393148,31834,6271,3469,1298,84,0.862,0.081,2024,4,0,0,14,tiktok
TT000701,2024-04-04,BCAA,before_after,nano,7187,57546,5052,661,296,182,110,0.746,0.0878,2024,4,3,0,14,tiktok
TT000702,2024-04-07,Creatina,tutorial,mid,167020,75928,2471,690,389,253,41,0.827,0.0325,2024,4,6,1,14,tiktok
TT000703,2024-04-08,Pre-Workout,review,micro,42720,86613,2743,781,501,306,123,0.726,0.0317,2024,4,0,0,15,tiktok
TT000704,2024-04-22,Whey Protein,before_after,mid,199627,229050,10236,3681,1632,666,97,0.405,0.0447,2024,4,0,0,17,tiktok
TT000705,2024-04-23,Vitamin C,transformation,micro,22067,84812,6353,937,525,327,90,0.564,0.0749,2024,4,1,0,17,tiktok
TT000706,2024-04-27,Pre-Workout,challenge,nano,5123,58335,3506,492,704,241,55,0.409,0.0601,2024,4,5,1,17,tiktok
TT000707,2024-04-28,Whey Protein,transformation,macro,407474,546384,44245,9511,4129,3069,152,0.834,0.081,2024,4,6,1,17,tiktok
TT000708,2024-04-30,BCAA,review,nano,7726,27501,1454,394,123,88,176,0.536,0.0529,2024,4,1,0,18,tiktok
TT000709,2024-05-01,Fish Oil,tutorial,mid,184016,247109,13715,1939,2883,1318,47,0.466,0.0555,2024,5,2,0,18,tiktok
TT000710,2024-05-02,Pre-Workout,transformation,micro,15506,143967,8651,992,1258,504,41,0.421,0.0601,2024,5,3,0,18,tiktok
TT000711,2024-05-03,Creatina,tutorial,nano,5723,23158,1037,211,80,100,61,0.73,0.0448,2024,5,4,0,18,tiktok
TT000712,2024-05-04,Pre-Workout,before_after,micro,42513,86884,3698,966,505,308,21,0.728,0.0426,2024,5,5,1,18,tiktok
TT000713,2024-05-09,Whey Protein,review,micro,46793,88655,4862,1164,761,264,170,0.502,0.0548,2024,5,3,0,19,tiktok
TT000714,2024-05-10,Creatina,review,nano,5281,32893,1804,254,249,93,38,0.61,0.0548,2024,5,4,0,19,tiktok
TT000715,2024-05-19,Multivitamin,challenge,macro,820711,473058,16432,6428,1814,1962,99,0.831,0.0347,2024,5,6,1,20,tiktok
TT000716,2024-05-21,Fish Oil,transformation,nano,9650,48878,3320,625,155,189,132,0.508,0.0679,2024,5,1,0,21,tiktok
TT000717,2024-05-22,Multivitamin,before_after,micro,21477,103023,5967,1293,729,270,16,0.57,0.0579,2024,5,2,0,21,tiktok
TT000718,2024-05-23,BCAA,before_after,nano,5255,50353,2804,655,459,186,152,0.871,0.0557,2024,5,3,0,21,tiktok
TT000719,2024-05-27,Multivitamin,tutorial,micro,19685,37181,1586,304,111,93,54,0.619,0.0427,2024,5,0,0,22,tiktok
TT000720,2024-05-29,Creatina,before_after,micro,29854,82784,3414,774,337,99,51,0.799,0.0412,2024,5,2,0,22,tiktok
TT000721,2024-06-02,Pre-Workout,before_after,nano,9729,27361,1020,145,64,45,144,0.75,0.0373,2024,6,6,1,22,tiktok
TT000722,2024-06-04,Multivitamin,tutorial,mid,67695,91924,1965,453,456,158,109,0.818,0.0214,2024,6,1,0,23,tiktok
TT000723,2024-06-05,Pre-Workout,before_after,mid,104162,83371,2135,545,181,102,28,0.629,0.0256,2024,6,2,0,23,tiktok
TT000724,2024-06-10,Pre-Workout,transformation,nano,4252,56647,3152,817,369,181,82,0.562,0.0557,2024,6,0,0,24,tiktok
TT000725,2024-06-16,Multivitamin,challenge,micro,16062,60495,3806,748,599,280,31,0.468,0.0629,2024,6,6,1,24,tiktok
TT000726,2024-06-17,Fish Oil,before_after,nano,6056,50137,2687,655,440,156,85,0.463,0.0536,2024,6,0,0,25,tiktok
TT000727,2024-06-21,Pre-Workout,tutorial,nano,8484,20948,1190,289,172,83,110,0.427,0.0568,2024,6,4,0,25,tiktok
TT000728,2024-06-22,Fish Oil,tutorial,nano,3031,27565,1550,131,76,47,144,0.622,0.0562,2024,6,5,1,25,tiktok
TT000729,2024-06-29,BCAA,before_after,macro,535865,142752,3906,802,503,415,119,0.498,0.0274,2024,6,5,1,26,tiktok
TT000730,2024-07-02,Creatina,tutorial,nano,4950,18006,785,69,77,49,28,0.488,0.0436,2024,7,1,0,27,tiktok
TT000731,2024-07-03,Creatina,tutorial,nano,7571,21112,946,136,121,39,142,0.609,0.0448,2024,7,2,0,27,tiktok
TT000732,2024-07-06,BCAA,challenge,macro,689911,351039,16536,2589,3658,960,159,0.731,0.0471,2024,7,5,1,27,tiktok
TT000733,2024-07-13,Whey Protein,challenge,micro,19130,60163,1869,390,392,194,60,0.498,0.0311,2024,7,5,1,28,tiktok
TT000734,2024-07-14,Vitamin C,transformation,micro,10358,88811,4253,331,485,195,85,0.542,0.0479,2024,7,6,1,28,tiktok
TT000735,2024-07-20,Vitamin C,transformation,macro,257843,197700,7037,1797,1151,462,20,0.713,0.0356,2024,7,5,1,29,tiktok
TT000736,2024-07-21,BCAA,before_after,macro,527363,332880,15188,2324,2424,983,88,0.472,0.0456,2024,7,6,1,29,tiktok
TT000737,2024-07-22,Fish Oil,transformation,nano,3399,35487,1354,247,117,103,33,0.434,0.0382,2024,7,0,0,30,tiktok
TT000738,2024-07-24,Creatina,review,nano,9385,41214,1419,373,113,70,127,0.407,0.0344,2024,7,2,0,30,tiktok
TT000739,2024-07-25,Whey Protein,transformation,nano,8183,26946,1186,126,191,87,172,0.431,0.044,2024,7,3,0,30,tiktok
TT000740,2024-07-26,Fish Oil,challenge,nano,9118,20196,912,147,159,44,149,0.662,0.0452,2024,7,4,0,30,tiktok
TT000741,2024-07-27,Vitamin C,tutorial,nano,5430,46564,2395,200,319,166,48,0.701,0.0515,2024,7,5,1,30,tiktok
TT000742,2024-07-31,BCAA,review,micro,10309,47968,2290,259,179,91,42,0.472,0.0478,2024,7,2,0,31,tiktok
TT000743,2024-08-01,Whey Protein,tutorial,micro,25095,42298,1770,359,222,93,153,0.565,0.0418,2024,8,3,0,31,tiktok
TT000744,2024-08-02,Creatina,challenge,nano,9606,30722,2763,291,268,126,115,0.691,0.0899,2024,8,4,0,31,tiktok
TT000745,2024-08-03,Creatina,tutorial,nano,7722,44569,3940,740,219,239,107,0.715,0.0884,2024,8,5,1,31,tiktok
TT000746,2024-08-04,BCAA,before_after,mid,86733,238415,21571,2720,1727,614,65,0.877,0.0905,2024,8,6,1,31,tiktok
TT000747,2024-08-05,Pre-Workout,before_after,mid,101115,182419,13263,2136,1506,507,87,0.496,0.0727,2024,8,0,0,32,tiktok
TT000748,2024-08-07,BCAA,before_after,nano,2525,26734,2054,227,270,72,22,0.563,0.0768,2024,8,2,0,32,tiktok
TT000749,2024-08-12,Whey Protein,challenge,micro,39496,81529,3183,813,262,269,177,0.63,0.039,2024,8,0,0,33,tiktok
TT000750,2024-08-13,BCAA,transformation,macro,566597,326631,21583,1916,1049,695,73,0.869,0.0661,2024,8,1,0,33,tiktok
TT000751,2024-08-14,Vitamin C,challenge,mid,174925,194926,10799,1924,611,832,42,0.673,0.0554,2024,8,2,0,33,tiktok
TT000752,2024-08-15,Creatina,before_after,micro,31650,69616,3141,888,354,263,177,0.486,0.0451,2024,8,3,0,33,tiktok
TT000753,2024-08-26,Vitamin C,challenge,nano,9926,26024,1110,204,92,62,24,0.627,0.0427,2024,8,0,0,35,tiktok
TT000754,2024-08-29,Vitamin C,tutorial,nano,9524,43300,2136,216,274,82,152,0.74,0.0493,2024,8,3,0,35,tiktok
TT000755,2024-08-30,Vitamin C,challenge,nano,4825,31549,2035,285,315,158,59,0.872,0.0645,2024,8,4,0,35,tiktok
TT000756,2024-08-31,Creatina,challenge,micro,13582,98402,4844,1332,394,256,70,0.578,0.0492,2024,8,5,1,35,tiktok
TT000757,2024-09-01,Creatina,review,micro,17370,62573,4050,839,331,137,67,0.81,0.0647,2024,9,6,1,35,tiktok
TT000758,2024-09-03,Pre-Workout,challenge,mid,78390,251520,12704,1697,2357,1279,33,0.829,0.0505,2024,9,1,0,36,tiktok
TT000759,2024-09-04,Multivitamin,challenge,mid,195837,179876,13028,1988,560,437,61,0.779,0.0724,2024,9,2,0,36,tiktok
TT000760,2024-09-05,Creatina,review,micro,31265,64906,4498,920,678,206,143,0.643,0.0693,2024,9,3,0,36,tiktok
TT000761,2024-09-08,Vitamin C,tutorial,micro,37664,89627,4526,1008,535,283,164,0.495,0.0505,2024,9,6,1,36,tiktok
TT000762,2024-09-09,Pre-Workout,review,macro,487098,380091,16827,5307,1502,872,145,0.465,0.0443,2024,9,0,0,37,tiktok
TT000763,2024-09-11,BCAA,tutorial,micro,23293,65129,4748,382,365,237,77,0.843,0.0729,2024,9,2,0,37,tiktok
TT000764,2024-09-13,BCAA,review,nano,3787,31354,986,300,69,64,19,0.601,0.0315,2024,9,4,0,37,tiktok
TT000765,2024-09-14,Fish Oil,review,nano,4574,32599,1403,275,88,40,29,0.476,0.043,2024,9,5,1,37,tiktok
TT000766,2024-09-16,BCAA,challenge,mid,127271,117731,4872,1097,255,145,160,0.737,0.0414,2024,9,0,0,38,tiktok
TT000767,2024-09-18,Vitamin C,before_after,nano,5913,38702,1892,231,183,65,162,0.561,0.0489,2024,9,2,0,38,tiktok
TT000768,2024-09-19,BCAA,transformation,mid,173804,202626,6074,880,468,419,58,0.829,0.03,2024,9,3,0,38,tiktok
TT000769,2024-09-20,Vitamin C,transformation,micro,36401,32627,1468,181,61,96,169,0.495,0.045,2024,9,4,0,38,tiktok
TT000770,2024-09-22,Fish Oil,challenge,nano,9538,37896,1222,206,252,50,109,0.428,0.0322,2024,9,6,1,38,tiktok
TT000771,2024-09-28,Pre-Workout,transformation,nano,8200,17301,603,129,98,23,142,0.537,0.0349,2024,9,5,1,39,tiktok
TT000772,2024-10-10,Multivitamin,transformation,micro,28960,86250,3304,448,556,160,76,0.659,0.0383,2024,10,3,0,41,tiktok
TT000773,2024-10-12,BCAA,challenge,micro,32085,39373,1615,351,172,90,145,0.847,0.041,2024,10,5,1,41,tiktok
TT000774,2024-10-13,Creatina,before_after,nano,1941,35365,1388,119,171,109,148,0.74,0.0393,2024,10,6,1,41,tiktok
TT000775,2024-10-15,Fish Oil,transformation,nano,8861,32254,1279,190,93,100,111,0.855,0.0397,2024,10,1,0,42,tiktok
TT000776,2024-10-18,Multivitamin,tutorial,macro,480854,308584,11741,1669,1519,945,144,0.407,0.038,2024,10,4,0,42,tiktok
TT000777,2024-10-19,Vitamin C,before_after,micro,16303,109510,6043,647,831,353,139,0.785,0.0552,2024,10,5,1,42,tiktok
TT000778,2024-10-20,BCAA,review,micro,13203,64627,2354,652,555,242,42,0.638,0.0364,2024,10,6,1,42,tiktok
TT000779,2024-10-21,Whey Protein,challenge,macro,249126,372716,21762,2479,2802,1136,72,0.733,0.0584,2024,10,0,0,43,tiktok
TT000780,2024-10-22,Vitamin C,review,nano,1874,35950,1619,428,166,67,115,0.846,0.045,2024,10,1,0,43,tiktok
TT000781,2024-10-23,Fish Oil,challenge,nano,5321,26300,1164,263,221,100,107,0.574,0.0443,2024,10,2,0,43,tiktok
TT000782,2024-10-24,Pre-Workout,review,nano,5221,41999,2080,263,269,71,96,0.754,0.0495,2024,10,3,0,43,tiktok
TT000783,2024-10-30,BCAA,review,nano,7325,31721,1069,283,60,100,86,0.518,0.0337,2024,10,2,0,44,tiktok
TT000784,2024-10-31,Whey Protein,tutorial,nano,5810,19473,515,178,59,55,134,0.728,0.0265,2024,10,3,0,44,tiktok
TT000785,2024-11-02,Multivitamin,before_after,macro,222537,632869,63160,7659,6062,3037,77,0.684,0.0998,2024,11,5,1,44,tiktok
TT000786,2024-11-03,Whey Protein,before_after,micro,33997,137828,13857,1144,2054,927,18,0.738,0.1005,2024,11,6,1,44,tiktok
TT000787,2024-11-05,Whey Protein,transformation,micro,12263,191410,20771,3794,894,1141,126,0.753,0.1085,2024,11,1,0,45,tiktok
TT000788,2024-11-07,BCAA,challenge,macro,718396,540157,50459,10403,4177,3618,83,0.636,0.0934,2024,11,3,0,45,tiktok
TT000789,2024-11-09,Whey Protein,challenge,micro,16785,100605,3792,1253,689,264,174,0.889,0.0377,2024,11,5,1,45,tiktok
TT000790,2024-11-11,Pre-Workout,review,mid,147535,99378,4463,1000,938,279,140,0.626,0.0449,2024,11,0,0,46,tiktok
TT000791,2024-11-12,BCAA,challenge,nano,2641,33923,1405,308,186,67,24,0.65,0.0414,2024,11,1,0,46,tiktok
TT000792,2024-11-19,Pre-Workout,challenge,mid,58270,233259,16027,2949,2065,663,44,0.476,0.0687,2024,11,1,0,47,tiktok
TT000793,2024-11-20,Multivitamin,before_after,mid,105552,234424,13345,3409,1891,633,168,0.523,0.0569,2024,11,2,0,47,tiktok
TT000794,2024-11-21,Multivitamin,review,macro,221987,424177,24834,6397,2634,1685,163,0.619,0.0585,2024,11,3,0,47,tiktok
TT000795,2024-11-23,Whey Protein,challenge,mid,54085,157413,12173,2098,1665,814,85,0.526,0.0773,2024,11,5,1,47,tiktok
TT000796,2024-11-24,Creatina,tutorial,nano,6417,57894,4966,369,323,136,33,0.421,0.0858,2024,11,6,1,47,tiktok
TT000797,2024-11-29,Pre-Workout,transformation,nano,6138,30256,1250,229,170,64,49,0.58,0.0413,2024,11,4,0,48,tiktok
TT000798,2024-11-30,Whey Protein,before_after,nano,2362,38155,2918,237,182,140,71,0.734,0.0765,2024,11,5,1,48,tiktok
TT000799,2024-12-01,Whey Protein,challenge,nano,5107,23610,1528,174,225,116,47,0.679,0.0647,2024,12,6,1,48,tiktok
TT000800,2024-12-04,Multivitamin,tutorial,mid,138077,305802,21684,2807,1547,1313,52,0.684,0.0709,2024,12,2,0,49,tiktok
TT000801,2024-12-05,Vitamin C,challenge,mid,103669,282976,14815,3736,1462,1449,116,0.711,0.0524,2024,12,3,0,49,tiktok
TT000802,2024-12-06,BCAA,review,nano,5969,50746,2321,521,315,198,64,0.585,0.0457,2024,12,4,0,49,tiktok
TT000803,2024-12-08,Multivitamin,transformation,mid,151820,206267,10857,1321,1122,817,173,0.788,0.0526,2024,12,6,1,49,tiktok
TT000804,2024-12-10,Fish Oil,before_after,mid,169041,255570,12963,2545,2253,694,72,0.894,0.0507,2024,12,1,0,50,tiktok
TT000805,2024-12-11,Fish Oil,transformation,nano,9964,44295,2160,503,152,110,152,0.537,0.0488,2024,12,2,0,50,tiktok
TT000806,2024-12-13,Vitamin C,transformation,micro,28437,133681,7149,1134,1125,672,129,0.89,0.0535,2024,12,4,0,50,tiktok
TT000807,2024-12-15,BCAA,before_after,nano,1907,38712,1947,267,266,175,45,0.899,0.0503,2024,12,6,1,50,tiktok
TT000808,2024-12-16,Creatina,transformation,micro,39489,85120,5580,1025,768,174,51,0.873,0.0656,2024,12,0,0,51,tiktok
TT000809,2024-12-17,Fish Oil,tutorial,micro,44048,94225,6429,982,883,341,90,0.798,0.0682,2024,12,1,0,51,tiktok
TT000810,2024-12-18,Pre-Workout,review,micro,33594,99916,6346,623,706,406,102,0.816,0.0635,2024,12,2,0,51,tiktok
TT000811,2024-12-19,BCAA,challenge,micro,45985,102140,4949,909,597,535,51,0.405,0.0485,2024,12,3,0,51,tiktok
TT000812,2024-12-25,Creatina,challenge,nano,9720,33046,1327,251,198,118,94,0.448,0.0402,2024,12,2,0,52,tiktok
TT000813,2024-12-26,Whey Protein,transformation,micro,39516,68834,4031,471,426,139,174,0.417,0.0586,2024,12,3,0,52,tiktok
TT000814,2024-12-27,Fish Oil,before_after,micro,34576,86414,3203,1076,706,158,156,0.543,0.0371,2024,12,4,0,52,tiktok
TT000815,2024-12-29,Fish Oil,review,micro,21401,111350,4216,1504,1030,489,59,0.515,0.0379,2024,12,6,1,52,tiktok
TT000816,2025-01-04,BCAA,transformation,mid,52833,153994,4659,1359,461,237,33,0.449,0.0303,2025,1,5,1,1,tiktok
TT000817,2025-01-05,Fish Oil,review,nano,1074,34799,1227,368,194,93,141,0.42,0.0353,2025,1,6,1,1,tiktok
TT000818,2025-01-06,Fish Oil,tutorial,nano,7305,17956,1039,116,43,64,149,0.478,0.0579,2025,1,0,0,2,tiktok
TT000819,2025-01-07,Pre-Workout,before_after,mid,117984,143195,4584,1027,619,440,67,0.64,0.032,2025,1,1,0,2,tiktok
TT000820,2025-01-11,Fish Oil,tutorial,micro,30260,124672,8877,1686,995,588,165,0.487,0.0712,2025,1,5,1,2,tiktok
TT000821,2025-01-12,Pre-Workout,before_after,micro,18868,54930,3178,768,244,138,130,0.651,0.0579,2025,1,6,1,2,tiktok
TT000822,2025-01-13,BCAA,before_after,micro,19035,78749,3379,412,527,201,142,0.752,0.0429,2025,1,0,0,3,tiktok
TT000823,2025-01-14,Creatina,before_after,nano,7200,31462,1202,192,213,132,81,0.535,0.0382,2025,1,1,0,3,tiktok
TT000824,2025-01-15,Creatina,challenge,micro,35780,119487,8239,1474,744,406,47,0.795,0.069,2025,1,2,0,3,tiktok
TT000825,2025-01-19,Pre-Workout,transformation,mid,146728,177527,9450,2114,510,509,134,0.623,0.0532,2025,1,6,1,3,tiktok
TT000826,2025-01-21,BCAA,before_after,nano,2103,46932,2024,262,296,160,35,0.822,0.0431,2025,1,1,0,4,tiktok
TT000827,2025-01-22,Multivitamin,transformation,nano,4186,50453,2017,257,437,147,70,0.516,0.04,2025,1,2,0,4,tiktok
TT000828,2025-01-23,Fish Oil,tutorial,micro,38628,111195,6455,881,296,428,139,0.49,0.0581,2025,1,3,0,4,tiktok
TT000829,2025-01-26,Creatina,review,micro,28000,111166,6428,1121,545,193,56,0.49,0.0578,2025,1,6,1,4,tiktok
TT000830,2025-01-28,Vitamin C,tutorial,macro,620791,379873,15238,2048,1948,1159,66,0.561,0.0401,2025,1,1,0,5,tiktok
TT000831,2025-01-31,Vitamin C,review,nano,2010,23689,1502,141,190,43,49,0.667,0.0634,2025,1,4,0,5,tiktok
TT000832,2025-02-01,Whey Protein,review,micro,43225,117869,5417,1529,549,332,116,0.508,0.046,2025,2,5,1,5,tiktok
TT000833,2025-02-02,Vitamin C,challenge,mid,93520,102211,7078,1419,860,424,140,0.466,0.0693,2025,2,6,1,5,tiktok
TT000834,2025-02-03,Vitamin C,transformation,micro,29708,94233,3580,959,689,352,51,0.819,0.038,2025,2,0,0,6,tiktok
TT000835,2025-02-04,Vitamin C,before_after,nano,2790,46627,2936,453,174,114,50,0.568,0.063,2025,2,1,0,6,tiktok
TT000836,2025-02-07,Pre-Workout,challenge,mid,95599,176298,5475,1335,827,320,70,0.591,0.0311,2025,2,4,0,6,tiktok
TT000837,2025-02-08,Pre-Workout,tutorial,nano,4099,30762,1341,270,162,84,63,0.723,0.0436,2025,2,5,1,6,tiktok
TT000838,2025-02-12,Whey Protein,review,macro,411719,230467,6265,1369,1300,311,120,0.515,0.0272,2025,2,2,0,7,tiktok
TT000839,2025-02-14,Creatina,challenge,micro,28459,73350,2261,482,357,141,162,0.585,0.0308,2025,2,4,0,7,tiktok
TT000840,2025-02-17,Vitamin C,tutorial,macro,799360,200187,5391,989,921,388,95,0.793,0.0269,2025,2,0,0,8,tiktok
TT000841,2025-02-20,Vitamin C,challenge,mid,121953,158197,3571,1230,358,348,33,0.689,0.0226,2025,2,3,0,8,tiktok
TT000842,2025-02-22,Pre-Workout,challenge,micro,24741,95657,3967,1480,984,360,80,0.895,0.0415,2025,2,5,1,8,tiktok
TT000843,2025-02-23,Multivitamin,before_after,nano,1535,58372,3087,832,648,221,61,0.836,0.0529,2025,2,6,1,8,tiktok
TT000844,2025-02-24,Vitamin C,tutorial,nano,4325,43205,2933,675,316,175,64,0.47,0.0679,2025,2,0,0,9,tiktok
TT000845,2025-02-25,Multivitamin,tutorial,nano,3709,26193,1929,246,179,66,81,0.738,0.0737,2025,2,1,0,9,tiktok
TT000846,2025-02-26,BCAA,tutorial,micro,29272,74465,3740,652,215,349,54,0.413,0.0502,2025,2,2,0,9,tiktok
TT000847,2025-02-27,Vitamin C,review,nano,2333,41571,2547,405,343,156,143,0.611,0.0613,2025,2,3,0,9,tiktok
TT000848,2025-02-28,Vitamin C,challenge,nano,7316,41769,3042,392,394,184,177,0.554,0.0728,2025,2,4,0,9,tiktok
TT000849,2025-03-01,Fish Oil,transformation,macro,701173,304396,22897,4820,2714,1025,48,0.676,0.0752,2025,3,5,1,9,tiktok
TT000850,2025-03-02,BCAA,challenge,micro,23360,164604,11829,2748,959,863,106,0.418,0.0719,2025,3,6,1,9,tiktok
TT000851,2025-03-05,Creatina,before_after,nano,9612,65500,4321,884,281,209,38,0.819,0.066,2025,3,2,0,10,tiktok
TT000852,2025-03-06,Pre-Workout,review,micro,46310,77238,4540,1222,546,427,159,0.552,0.0588,2025,3,3,0,10,tiktok
TT000853,2025-03-07,Vitamin C,before_after,nano,6035,27624,1532,386,112,64,60,0.42,0.0555,2025,3,4,0,10,tiktok
TT000854,2025-03-08,Whey Protein,challenge,micro,30300,56668,3188,353,291,102,103,0.496,0.0563,2025,3,5,1,10,tiktok
TT000855,2025-03-09,Fish Oil,before_after,nano,4138,37173,1481,462,306,161,174,0.689,0.0398,2025,3,6,1,10,tiktok
TT000856,2025-03-14,Whey Protein,transformation,mid,145637,134087,4867,1174,519,401,32,0.562,0.0363,2025,3,4,0,11,tiktok
TT000857,2025-03-18,Whey Protein,transformation,nano,6066,39944,1673,195,161,66,136,0.665,0.0419,2025,3,1,0,12,tiktok
TT000858,2025-03-23,Multivitamin,challenge,mid,152315,105540,4048,1196,276,389,140,0.408,0.0384,2025,3,6,1,12,tiktok
TT000859,2025-03-24,Whey Protein,transformation,nano,5451,32887,1030,136,142,131,100,0.424,0.0313,2025,3,0,0,13,tiktok
TT000860,2025-03-26,Fish Oil,review,macro,489347,490518,19653,5091,2131,1645,53,0.591,0.0401,2025,3,2,0,13,tiktok
TT000861,2025-03-28,Multivitamin,transformation,micro,16406,130453,6848,1226,482,329,20,0.895,0.0525,2025,3,4,0,13,tiktok
TT000862,2025-03-30,Multivitamin,before_after,mid,130781,116762,4455,813,831,222,29,0.433,0.0382,2025,3,6,1,13,tiktok
TT000863,2025-03-31,Fish Oil,tutorial,nano,2588,51242,3360,678,324,179,169,0.83,0.0656,2025,3,0,0,14,tiktok
