video_id,date,product_promoted,video_type,channel_tier,subscribers,views,likes,dislikes,comments,shares,duration_seconds,avg_view_duration,engagement_rate,year,month,day_of_week,is_weekend,week,platform
YT000000,2020-01-07,Multivitamin,science_explained,small,8121,12259,248,13,61,29,1755,420.5,0.0203,2020,1,1,0,2,youtube
YT000001,2020-01-18,Creatina,comparison,small,7897,9398,210,16,30,21,1115,376.74,0.0224,2020,1,5,1,3,youtube
YT000002,2020-02-11,Vitamin C,review_completo,small,7255,5186,105,3,19,9,1187,232.35,0.0204,2020,2,1,0,7,youtube
YT000003,2020-02-17,Creatina,review_completo,huge,1163029,105136,1471,37,368,100,1290,269.41,0.014,2020,2,0,0,8,youtube
YT000004,2020-02-23,Fish Oil,science_explained,medium,91185,35100,941,48,243,115,992,364.14,0.0268,2020,2,6,1,8,youtube
YT000005,2020-02-28,BCAA,unboxing,medium,85361,26836,790,36,69,69,1743,466.65,0.0295,2020,2,4,0,9,youtube
YT000006,2020-03-22,Vitamin C,tutorial,small,6837,13159,394,8,93,12,1595,575.57,0.03,2020,3,6,1,12,youtube
YT000007,2020-03-25,Whey Protein,science_explained,small,4086,7986,240,10,54,14,839,249.15,0.0301,2020,3,2,0,13,youtube
YT000008,2020-03-31,Creatina,tutorial,medium,14122,34438,829,37,170,46,1190,503.83,0.0241,2020,3,1,0,14,youtube
YT000009,2020-04-01,Whey Protein,tutorial,medium,48337,28440,705,56,107,37,1275,391.93,0.0248,2020,4,2,0,14,youtube
YT000010,2020-04-15,Whey Protein,unboxing,large,349686,69489,2288,108,606,162,729,240.13,0.0329,2020,4,2,0,16,youtube
YT000011,2020-04-27,Fish Oil,unboxing,medium,92883,35520,852,48,106,78,649,185.15,0.024,2020,4,0,0,18,youtube
YT000012,2020-05-02,Vitamin C,unboxing,small,5410,11167,336,11,91,17,1713,867.61,0.0301,2020,5,5,1,18,youtube
YT000013,2020-05-05,Vitamin C,comparison,medium,34585,33004,1060,26,342,72,1649,800.41,0.0321,2020,5,1,0,19,youtube
YT000014,2020-05-16,Fish Oil,science_explained,medium,50820,39324,848,52,133,99,1674,529.84,0.0216,2020,5,5,1,20,youtube
YT000015,2020-05-21,Whey Protein,tutorial,large,397613,65972,1799,91,198,101,586,232.28,0.0273,2020,5,3,0,21,youtube
YT000016,2020-05-26,Whey Protein,unboxing,medium,14064,31677,772,55,140,55,1206,405.38,0.0244,2020,5,1,0,22,youtube
YT000017,2020-06-15,Vitamin C,comparison,small,7572,13557,433,14,68,45,638,363.27,0.032,2020,6,0,0,25,youtube
YT000018,2020-07-13,Multivitamin,science_explained,medium,15320,29993,463,15,125,57,1640,366.0,0.0154,2020,7,0,0,29,youtube
YT000019,2020-07-16,Fish Oil,comparison,small,2605,5635,146,5,27,6,613,161.42,0.026,2020,7,3,0,29,youtube
YT000020,2020-07-29,Multivitamin,review_completo,small,3692,8008,174,12,31,15,1751,601.35,0.0218,2020,7,2,0,31,youtube
YT000021,2020-08-09,Pre-Workout,unboxing,medium,34366,24303,832,53,132,28,673,209.21,0.0342,2020,8,6,1,32,youtube
YT000022,2020-08-14,Pre-Workout,tutorial,medium,77753,30467,622,22,111,39,406,168.35,0.0204,2020,8,4,0,33,youtube
YT000023,2020-08-18,Multivitamin,tutorial,large,337497,99421,3017,111,489,194,1629,573.76,0.0303,2020,8,1,0,34,youtube
YT000024,2020-08-26,Multivitamin,review_completo,small,5324,16690,625,45,113,49,780,322.12,0.0375,2020,8,2,0,35,youtube
YT000025,2020-08-27,BCAA,tutorial,small,2695,9854,261,17,55,29,1638,753.59,0.0265,2020,8,3,0,35,youtube
YT000026,2020-09-02,Creatina,unboxing,medium,76630,30825,1221,64,234,83,378,184.77,0.0396,2020,9,2,0,36,youtube
YT000027,2020-09-13,BCAA,review_completo,small,3611,4290,54,2,5,5,1285,170.42,0.0126,2020,9,6,1,37,youtube
YT000028,2020-09-14,BCAA,unboxing,medium,95839,18386,247,5,46,8,1127,149.07,0.0134,2020,9,0,0,38,youtube
YT000029,2020-09-15,Whey Protein,review_completo,small,7500,3424,38,1,4,2,594,87.05,0.0113,2020,9,1,0,38,youtube
YT000030,2020-10-25,Creatina,tutorial,large,152583,86734,2912,230,784,288,1656,669.84,0.0336,2020,10,6,1,43,youtube
YT000031,2020-10-30,Whey Protein,science_explained,medium,72545,26102,774,39,136,38,918,307.52,0.0297,2020,10,4,0,44,youtube
YT000032,2020-11-11,BCAA,tutorial,medium,40452,25270,424,33,130,39,579,144.48,0.0168,2020,11,2,0,46,youtube
YT000033,2020-11-15,Fish Oil,unboxing,small,6528,9144,155,6,39,8,1512,272.3,0.017,2020,11,6,1,46,youtube
YT000034,2020-11-27,Whey Protein,comparison,medium,79670,52994,2150,111,202,127,413,228.49,0.0406,2020,11,4,0,48,youtube
YT000035,2020-11-30,Whey Protein,tutorial,medium,32152,39001,1094,39,371,56,1616,874.82,0.0281,2020,11,0,0,49,youtube
YT000036,2020-12-25,Fish Oil,tutorial,small,7493,9657,219,8,71,26,1252,385.38,0.0227,2020,12,4,0,52,youtube
YT000037,2021-01-01,Creatina,tutorial,small,1927,8266,110,7,20,7,1292,310.54,0.0134,2021,1,4,0,53,youtube
YT000038,2021-01-06,Creatina,comparison,small,6191,5677,117,3,19,8,1616,359.72,0.0207,2021,1,2,0,1,youtube
YT000039,2021-01-09,Vitamin C,unboxing,small,5436,8460,190,3,30,6,1067,251.77,0.0226,2021,1,5,1,1,youtube
YT000040,2021-01-11,Creatina,tutorial,small,1538,8656,140,6,22,9,966,221.16,0.0163,2021,1,0,0,2,youtube
YT000041,2021-01-20,Fish Oil,review_completo,small,5619,7677,194,13,30,7,593,185.61,0.0253,2021,1,2,0,3,youtube
YT000042,2021-01-27,Multivitamin,comparison,small,2501,12000,270,16,35,24,848,309.86,0.0225,2021,1,2,0,4,youtube
YT000043,2021-01-29,Multivitamin,review_completo,small,9105,19935,560,14,107,54,1121,676.31,0.0281,2021,1,4,0,4,youtube
YT000044,2021-02-05,Multivitamin,unboxing,medium,26721,18855,383,20,119,30,434,111.86,0.0203,2021,2,4,0,5,youtube
YT000045,2021-02-06,Creatina,comparison,medium,33125,24706,708,47,85,41,1248,473.25,0.0287,2021,2,5,1,5,youtube
YT000046,2021-02-25,Pre-Workout,tutorial,small,9971,14189,391,15,99,17,1630,645.05,0.0276,2021,2,3,0,8,youtube
YT000047,2021-03-03,Creatina,review_completo,small,6217,5580,82,2,23,8,597,178.19,0.0148,2021,3,2,0,9,youtube
YT000048,2021-03-11,Vitamin C,comparison,medium,72427,23115,457,12,72,30,1408,411.97,0.0198,2021,3,3,0,10,youtube
YT000049,2021-03-16,Pre-Workout,science_explained,medium,28011,24947,394,10,70,34,704,240.62,0.0158,2021,3,1,0,11,youtube
YT000050,2021-03-19,BCAA,unboxing,small,8113,16815,790,28,132,72,1726,825.85,0.047,2021,3,4,0,11,youtube
YT000051,2021-03-20,Multivitamin,science_explained,huge,776347,296597,9258,687,2577,1112,1087,713.04,0.0312,2021,3,5,1,11,youtube
YT000052,2021-03-23,BCAA,tutorial,medium,69986,56187,1894,38,286,152,990,508.38,0.0337,2021,3,1,0,12,youtube
YT000053,2021-04-05,Multivitamin,tutorial,small,5011,9257,145,6,43,11,576,155.44,0.0157,2021,4,0,0,14,youtube
YT000054,2021-04-18,BCAA,science_explained,medium,16094,26482,356,21,138,39,1716,330.76,0.0135,2021,4,6,1,15,youtube
YT000055,2021-04-21,BCAA,tutorial,large,222502,43533,686,30,112,74,1309,271.11,0.0158,2021,4,2,0,16,youtube
YT000056,2021-04-24,Whey Protein,comparison,medium,89691,31166,774,59,185,42,606,171.61,0.0249,2021,4,5,1,16,youtube
YT000057,2021-05-02,Pre-Workout,science_explained,medium,29744,15074,261,8,59,18,1183,233.96,0.0174,2021,5,6,1,17,youtube
YT000058,2021-05-09,Multivitamin,tutorial,medium,32525,27962,1095,78,151,56,1133,474.01,0.0392,2021,5,6,1,18,youtube
YT000059,2021-05-31,Pre-Workout,comparison,medium,13225,34559,1230,84,157,100,1389,585.05,0.0356,2021,5,0,0,22,youtube
YT000060,2021-06-06,BCAA,review_completo,large,357932,120187,3242,122,879,177,1649,657.23,0.027,2021,6,6,1,22,youtube
YT000061,2021-06-13,Pre-Workout,comparison,large,460616,80397,2344,104,271,167,379,147.42,0.0292,2021,6,6,1,23,youtube
YT000062,2021-06-20,BCAA,tutorial,medium,64196,13702,182,6,24,16,1715,334.22,0.0133,2021,6,6,1,24,youtube
YT000063,2021-06-28,Multivitamin,review_completo,small,8563,8062,131,3,32,13,1424,354.77,0.0163,2021,6,0,0,26,youtube
YT000064,2021-07-01,Fish Oil,comparison,medium,13674,34891,685,48,193,79,1793,468.08,0.0197,2021,7,3,0,26,youtube
YT000065,2021-07-07,Fish Oil,tutorial,small,1444,12523,423,32,84,14,1649,716.3,0.0338,2021,7,2,0,27,youtube
YT000066,2021-07-10,Creatina,unboxing,large,269824,149525,7021,287,1619,282,1072,498.61,0.047,2021,7,5,1,27,youtube
YT000067,2021-07-20,BCAA,science_explained,medium,50424,39123,835,43,109,50,1781,607.24,0.0214,2021,7,1,0,29,youtube
YT000068,2021-07-24,Creatina,comparison,medium,60411,45895,1538,35,234,79,341,163.76,0.0335,2021,7,5,1,29,youtube
YT000069,2021-07-27,Pre-Workout,tutorial,medium,79461,42952,1425,55,157,115,777,360.98,0.0332,2021,7,1,0,30,youtube
YT000070,2021-08-13,Pre-Workout,comparison,medium,62846,19421,421,9,106,30,1095,334.98,0.0217,2021,8,4,0,32,youtube
YT000071,2021-08-26,BCAA,unboxing,medium,43337,37269,895,69,180,52,341,138.23,0.024,2021,8,3,0,34,youtube
YT000072,2021-09-24,Pre-Workout,science_explained,small,3688,4421,74,5,9,3,1235,238.26,0.0169,2021,9,4,0,38,youtube
YT000073,2021-10-08,Creatina,comparison,medium,44828,19892,341,26,86,16,382,102.1,0.0172,2021,10,4,0,40,youtube
YT000074,2021-10-09,Fish Oil,comparison,small,4148,6318,121,8,19,8,1444,363.87,0.0193,2021,10,5,1,40,youtube
YT000075,2021-10-11,Vitamin C,tutorial,large,328220,43730,766,48,71,67,1341,234.29,0.0175,2021,10,0,0,41,youtube
YT000076,2021-10-18,Creatina,comparison,large,493817,98708,2732,77,459,253,1462,422.53,0.0277,2021,10,0,0,42,youtube
YT000077,2021-10-20,Pre-Workout,tutorial,small,6306,7191,217,9,51,9,833,239.91,0.0302,2021,10,2,0,42,youtube
YT000078,2021-10-21,Fish Oil,unboxing,small,6611,7953,163,12,50,17,1255,488.14,0.0206,2021,10,3,0,42,youtube
YT000079,2021-10-24,Pre-Workout,unboxing,small,4333,9586,162,12,25,9,440,112.83,0.017,2021,10,6,1,42,youtube
YT000080,2021-11-23,Whey Protein,unboxing,small,3342,8399,183,4,16,14,1022,211.8,0.0218,2021,11,1,0,47,youtube
YT000081,2021-12-03,Fish Oil,comparison,medium,98033,28966,657,35,115,54,937,258.18,0.0227,2021,12,4,0,48,youtube
YT000082,2021-12-06,Multivitamin,tutorial,small,8788,5707,126,3,22,9,1378,425.24,0.0221,2021,12,0,0,49,youtube
YT000083,2021-12-07,Creatina,science_explained,medium,53496,25743,602,29,81,19,1436,447.49,0.0234,2021,12,1,0,49,youtube
YT000084,2021-12-19,BCAA,unboxing,medium,89875,19208,396,13,72,29,560,151.57,0.0206,2021,12,6,1,50,youtube
YT000085,2021-12-29,Vitamin C,science_explained,large,361449,89924,1735,61,578,170,893,242.22,0.0193,2021,12,2,0,52,youtube
YT000086,2022-01-13,Creatina,comparison,small,7986,5149,75,2,10,9,1610,327.96,0.0148,2022,1,3,0,2,youtube
YT000087,2022-01-18,Pre-Workout,tutorial,medium,84873,21110,392,11,86,21,1731,304.85,0.0186,2022,1,1,0,3,youtube
YT000088,2022-01-24,Pre-Workout,unboxing,small,1821,11625,224,17,46,24,959,278.27,0.0193,2022,1,0,0,4,youtube
YT000089,2022-01-25,Multivitamin,unboxing,large,242091,107152,2173,78,701,177,1169,398.02,0.0203,2022,1,1,0,4,youtube
YT000090,2022-02-11,Fish Oil,review_completo,medium,55108,38061,1328,27,252,102,1649,843.62,0.0349,2022,2,4,0,6,youtube
YT000091,2022-02-13,Creatina,review_completo,small,2657,9172,295,18,34,11,1335,656.0,0.0322,2022,2,6,1,6,youtube
YT000092,2022-02-20,Creatina,unboxing,medium,28981,20903,280,8,46,28,1290,244.2,0.0134,2022,2,6,1,7,youtube
YT000093,2022-03-04,BCAA,science_explained,large,489087,103826,3846,247,1163,460,443,276.96,0.037,2022,3,4,0,9,youtube
YT000094,2022-03-05,Pre-Workout,comparison,medium,72099,38610,1084,68,353,169,1485,815.99,0.0281,2022,3,5,1,9,youtube
YT000095,2022-03-06,Multivitamin,comparison,small,7969,16274,579,12,102,70,1613,910.87,0.0356,2022,3,6,1,9,youtube
YT000096,2022-03-07,Vitamin C,comparison,large,360134,179471,7012,382,1948,518,1588,886.53,0.0391,2022,3,0,0,10,youtube
YT000097,2022-03-09,Pre-Workout,science_explained,medium,56055,62069,2475,137,276,135,1411,782.2,0.0399,2022,3,2,0,10,youtube
YT000098,2022-03-12,Vitamin C,review_completo,huge,1690580,277014,9266,190,2227,344,484,209.43,0.0334,2022,3,5,1,10,youtube
YT000099,2022-03-21,Pre-Workout,review_completo,small,6772,16036,532,38,118,29,948,297.08,0.0332,2022,3,0,0,12,youtube
YT000100,2022-03-22,Multivitamin,unboxing,small,4664,15847,503,27,74,17,531,165.73,0.0318,2022,3,1,0,12,youtube
YT000101,2022-03-23,Fish Oil,comparison,huge,980515,232461,8335,305,1651,275,1463,542.71,0.0359,2022,3,2,0,12,youtube
YT000102,2022-03-28,Creatina,unboxing,medium,74729,41687,1344,79,386,120,1125,506.87,0.0323,2022,3,0,0,13,youtube
YT000103,2022-05-10,BCAA,unboxing,small,4249,6776,122,3,24,5,932,203.17,0.0181,2022,5,1,0,19,youtube
YT000104,2022-05-14,Pre-Workout,science_explained,small,8635,10686,289,14,48,12,1315,480.33,0.0271,2022,5,5,1,19,youtube
YT000105,2022-05-17,Whey Protein,comparison,medium,16182,30752,768,57,197,57,1622,479.35,0.025,2022,5,1,0,20,youtube
YT000106,2022-05-20,Multivitamin,tutorial,small,3810,12425,370,23,80,38,1212,511.52,0.0298,2022,5,4,0,20,youtube
YT000107,2022-05-31,Fish Oil,science_explained,small,6525,9672,153,5,37,24,1364,413.04,0.0159,2022,5,1,0,22,youtube
YT000108,2022-06-07,Vitamin C,science_explained,medium,77587,30248,794,45,149,63,707,204.72,0.0263,2022,6,1,0,23,youtube
YT000109,2022-06-08,Creatina,unboxing,small,8172,10424,150,5,31,21,812,214.38,0.0145,2022,6,2,0,23,youtube
YT000110,2022-06-17,Fish Oil,comparison,medium,83206,32068,600,46,227,50,1133,415.13,0.0187,2022,6,4,0,24,youtube
YT000111,2022-06-21,Pre-Workout,tutorial,large,293280,109233,2953,154,514,140,499,202.97,0.027,2022,6,1,0,25,youtube
YT000112,2022-07-01,Multivitamin,unboxing,small,8528,5652,119,7,32,5,590,194.73,0.0212,2022,7,4,0,26,youtube
YT000113,2022-07-07,Pre-Workout,review_completo,medium,41078,18065,391,27,88,30,1538,442.96,0.0217,2022,7,3,0,27,youtube
YT000114,2022-07-12,BCAA,review_completo,small,6990,12049,259,19,32,33,1212,357.82,0.0215,2022,7,1,0,28,youtube
YT000115,2022-07-15,Pre-Workout,science_explained,medium,70539,19389,292,10,43,33,567,125.77,0.0151,2022,7,4,0,28,youtube
YT000116,2022-07-17,Multivitamin,tutorial,large,178296,63893,1127,47,214,40,1793,397.62,0.0176,2022,7,6,1,28,youtube
YT000117,2022-07-23,Creatina,review_completo,medium,88486,41471,1293,93,168,74,1358,619.14,0.0312,2022,7,5,1,29,youtube
YT000118,2022-07-27,BCAA,review_completo,medium,77801,27454,983,65,189,42,361,126.99,0.0358,2022,7,2,0,30,youtube
YT000119,2022-08-01,Creatina,review_completo,large,288257,84037,1795,48,279,197,598,173.67,0.0214,2022,8,0,0,31,youtube
YT000120,2022-08-07,Whey Protein,review_completo,large,228309,71772,1475,93,489,159,1449,599.42,0.0206,2022,8,6,1,31,youtube
YT000121,2022-08-10,Pre-Workout,comparison,medium,71125,25055,623,33,147,42,1733,658.94,0.0249,2022,8,2,0,32,youtube
YT000122,2022-08-18,BCAA,review_completo,large,271098,122474,2495,150,1001,167,350,121.5,0.0204,2022,8,3,0,33,youtube
YT000123,2022-08-28,Creatina,tutorial,small,5539,5461,138,9,23,7,1478,333.53,0.0254,2022,8,6,1,34,youtube
YT000124,2022-09-04,Creatina,science_explained,small,5760,9389,166,3,41,22,373,92.63,0.0177,2022,9,6,1,35,youtube
YT000125,2022-09-18,Vitamin C,tutorial,small,4028,8266,301,23,38,15,1355,509.01,0.0365,2022,9,6,1,37,youtube
YT000126,2022-09-25,Whey Protein,comparison,small,9634,5071,77,1,20,5,970,223.29,0.0153,2022,9,6,1,38,youtube
YT000127,2022-09-29,BCAA,comparison,small,9777,8193,175,6,33,7,1056,211.29,0.0214,2022,9,3,0,39,youtube
YT000128,2022-10-03,BCAA,tutorial,small,1092,8194,198,7,51,18,993,283.11,0.0242,2022,10,0,0,40,youtube
YT000129,2022-10-08,BCAA,tutorial,large,382891,20853,238,8,56,14,1117,124.42,0.0115,2022,10,5,1,40,youtube
YT000130,2022-10-09,Multivitamin,tutorial,medium,76621,9808,103,4,24,6,409,53.05,0.0105,2022,10,6,1,40,youtube
YT000131,2022-10-12,BCAA,unboxing,medium,23110,13105,159,11,37,13,1745,210.85,0.0122,2022,10,2,0,41,youtube
YT000132,2022-10-21,Fish Oil,science_explained,medium,38327,38219,1486,69,303,56,882,332.74,0.0389,2022,10,4,0,42,youtube
YT000133,2022-10-22,Multivitamin,review_completo,small,9718,17115,492,19,84,39,642,295.45,0.0288,2022,10,5,1,42,youtube
YT000134,2022-10-31,Creatina,unboxing,large,393070,47205,896,28,223,54,1283,338.91,0.019,2022,10,0,0,44,youtube
YT000135,2022-11-02,Pre-Workout,unboxing,large,397553,76210,1051,67,309,153,1685,363.87,0.0138,2022,11,2,0,44,youtube
YT000136,2022-11-07,BCAA,tutorial,medium,44309,32671,505,30,110,61,1551,510.0,0.0155,2022,11,0,0,45,youtube
YT000137,2022-11-09,Multivitamin,tutorial,small,3062,7275,157,8,31,9,1145,300.97,0.0216,2022,11,2,0,45,youtube
YT000138,2022-11-14,Fish Oil,review_completo,small,4219,12048,375,29,76,23,606,352.02,0.0312,2022,11,0,0,46,youtube
YT000139,2022-11-27,Pre-Workout,tutorial,small,3989,14423,333,11,102,21,725,239.77,0.0231,2022,11,6,1,47,youtube
YT000140,2022-12-11,BCAA,review_completo,large,449380,76409,1209,90,411,135,383,90.44,0.0158,2022,12,6,1,49,youtube
YT000141,2022-12-12,Vitamin C,unboxing,medium,27796,19934,374,26,46,31,1631,378.45,0.0188,2022,12,0,0,50,youtube
YT000142,2022-12-16,BCAA,science_explained,large,152374,73981,2414,113,545,135,1049,395.08,0.0326,2022,12,4,0,50,youtube
YT000143,2022-12-20,Pre-Workout,science_explained,small,2935,9289,186,6,34,27,832,346.07,0.0201,2022,12,1,0,51,youtube
YT000144,2022-12-30,Multivitamin,unboxing,large,403266,69035,1707,41,395,76,1489,453.31,0.0247,2022,12,4,0,52,youtube
YT000145,2023-01-03,Multivitamin,unboxing,medium,77545,20346,451,10,44,17,650,157.92,0.0222,2023,1,1,0,1,youtube
YT000146,2023-01-06,BCAA,comparison,small,5214,8307,280,18,37,25,356,134.28,0.0337,2023,1,4,0,1,youtube
YT000147,2023-01-12,Pre-Workout,comparison,medium,75193,30527,772,44,145,39,608,193.94,0.0253,2023,1,3,0,2,youtube
YT000148,2023-01-19,Multivitamin,comparison,small,3704,5566,79,2,16,8,557,126.9,0.0143,2023,1,3,0,3,youtube
YT000149,2023-01-22,Multivitamin,unboxing,small,8950,11961,270,12,58,15,1610,746.01,0.0226,2023,1,6,1,3,youtube
YT000150,2023-01-24,Fish Oil,unboxing,small,1174,11862,444,11,63,38,498,238.72,0.0375,2023,1,1,0,4,youtube
YT000151,2023-01-28,Vitamin C,comparison,medium,59001,26333,367,15,121,49,1218,349.82,0.014,2023,1,5,1,4,youtube
YT000152,2023-02-06,BCAA,science_explained,large,350413,79500,2374,109,290,225,1154,395.56,0.0299,2023,2,0,0,6,youtube
YT000153,2023-02-09,Fish Oil,review_completo,large,222612,82203,2937,80,534,92,1418,551.93,0.0357,2023,2,3,0,6,youtube
YT000154,2023-02-12,Fish Oil,unboxing,large,282424,95967,2258,118,228,224,988,252.14,0.0235,2023,2,6,1,6,youtube
YT000155,2023-02-15,Pre-Workout,science_explained,small,9773,9636,164,6,41,20,1149,307.98,0.0171,2023,2,2,0,7,youtube
YT000156,2023-02-23,BCAA,tutorial,medium,92131,24872,776,29,94,40,1386,403.65,0.0312,2023,2,3,0,8,youtube
YT000157,2023-03-01,Vitamin C,comparison,medium,77763,18734,421,32,59,17,1276,386.52,0.0225,2023,3,2,0,9,youtube
YT000158,2023-03-14,Pre-Workout,unboxing,large,250779,79048,1734,78,181,65,1659,415.57,0.0219,2023,3,1,0,11,youtube
YT000159,2023-03-24,Fish Oil,comparison,small,5839,15073,469,18,128,42,477,208.9,0.0311,2023,3,4,0,12,youtube
YT000160,2023-03-29,BCAA,review_completo,small,2740,10975,444,10,40,16,1557,696.44,0.0405,2023,3,2,0,13,youtube
YT000161,2023-03-31,Fish Oil,unboxing,large,240971,127878,5123,403,1313,394,1482,847.43,0.0401,2023,3,4,0,13,youtube
YT000162,2023-04-02,Multivitamin,review_completo,large,286194,147882,4354,248,910,383,1376,613.28,0.0294,2023,4,6,1,13,youtube
YT000163,2023-04-12,Creatina,tutorial,small,1241,9527,330,19,32,24,1061,384.44,0.0347,2023,4,2,0,15,youtube
YT000164,2023-04-16,Fish Oil,comparison,small,3068,10282,205,8,71,28,1501,505.27,0.02,2023,4,6,1,15,youtube
YT000165,2023-04-20,Multivitamin,tutorial,large,294382,61047,1950,85,370,117,508,174.72,0.032,2023,4,3,0,16,youtube
YT000166,2023-04-21,Fish Oil,review_completo,medium,47592,39131,1959,65,367,159,1605,800.48,0.0501,2023,4,4,0,16,youtube
YT000167,2023-04-22,Pre-Workout,science_explained,medium,30894,62935,2432,128,445,230,1271,628.83,0.0387,2023,4,5,1,16,youtube
YT000168,2023-05-08,Fish Oil,review_completo,medium,81451,39018,958,74,231,60,1366,515.31,0.0246,2023,5,0,0,19,youtube
YT000169,2023-05-09,Vitamin C,review_completo,medium,78150,40837,998,25,242,45,1327,426.18,0.0245,2023,5,1,0,19,youtube
YT000170,2023-05-12,Fish Oil,review_completo,small,6613,6372,119,6,18,11,372,65.76,0.0187,2023,5,4,0,19,youtube
YT000171,2023-05-16,Whey Protein,unboxing,small,2233,6803,136,10,18,6,794,158.46,0.0201,2023,5,1,0,20,youtube
YT000172,2023-05-19,Creatina,comparison,small,1906,14580,422,11,112,41,487,203.88,0.029,2023,5,4,0,20,youtube
YT000173,2023-05-20,Vitamin C,unboxing,small,8174,15111,379,26,122,23,769,342.41,0.0251,2023,5,5,1,20,youtube
YT000174,2023-05-22,Multivitamin,tutorial,huge,1095857,197543,7298,421,1578,342,458,191.69,0.0369,2023,5,0,0,21,youtube
YT000175,2023-05-24,Pre-Workout,comparison,medium,89721,35907,1065,28,211,44,1197,379.74,0.0297,2023,5,2,0,21,youtube
YT000176,2023-05-29,Pre-Workout,unboxing,large,435059,112792,4037,191,807,131,716,254.37,0.0358,2023,5,0,0,22,youtube
YT000177,2023-06-08,Fish Oil,comparison,medium,11973,44038,1916,124,364,151,1771,970.56,0.0435,2023,6,3,0,23,youtube
YT000178,2023-06-10,Whey Protein,unboxing,medium,78425,20719,486,30,90,33,1456,600.43,0.0235,2023,6,5,1,23,youtube
YT000179,2023-06-17,Vitamin C,review_completo,medium,65711,37771,921,45,204,125,983,458.12,0.0244,2023,6,5,1,24,youtube
YT000180,2023-06-18,BCAA,tutorial,small,7242,15875,427,29,129,24,1794,831.57,0.0269,2023,6,6,1,24,youtube
YT000181,2023-07-15,Creatina,science_explained,medium,36511,33342,927,23,126,39,679,178.75,0.0278,2023,7,5,1,28,youtube
YT000182,2023-07-20,Creatina,science_explained,small,2454,9581,155,4,51,20,364,106.14,0.0162,2023,7,3,0,29,youtube
YT000183,2023-07-25,BCAA,review_completo,medium,21587,27796,510,34,58,59,1412,328.89,0.0184,2023,7,1,0,30,youtube
YT000184,2023-07-29,Fish Oil,comparison,small,9387,8209,152,8,24,8,1260,285.16,0.0186,2023,7,5,1,30,youtube
YT000185,2023-07-31,Creatina,science_explained,medium,95972,24144,524,11,109,50,1550,412.56,0.0217,2023,7,0,0,31,youtube
YT000186,2023-08-08,BCAA,comparison,medium,28353,25833,494,32,82,31,1312,363.57,0.0192,2023,8,1,0,32,youtube
YT000187,2023-08-18,Whey Protein,unboxing,medium,85616,21007,400,20,95,19,307,71.34,0.0191,2023,8,4,0,33,youtube
YT000188,2023-08-24,Vitamin C,science_explained,large,238555,44245,572,37,151,39,1241,300.21,0.0129,2023,8,3,0,34,youtube
YT000189,2023-08-25,Fish Oil,comparison,medium,64435,38678,963,69,231,71,1515,397.18,0.0249,2023,8,4,0,34,youtube
YT000190,2023-08-28,BCAA,comparison,small,5650,13218,296,19,59,17,1549,577.35,0.0224,2023,8,0,0,35,youtube
YT000191,2023-08-29,BCAA,review_completo,medium,89881,29866,593,31,199,38,623,181.14,0.0199,2023,8,1,0,35,youtube
YT000192,2023-08-31,Multivitamin,comparison,medium,98519,34606,951,48,224,65,478,183.11,0.0275,2023,8,3,0,35,youtube
YT000193,2023-09-03,Vitamin C,review_completo,large,182014,115953,3306,193,640,156,436,163.95,0.0285,2023,9,6,1,35,youtube
YT000194,2023-09-12,Creatina,comparison,small,6367,11680,313,8,38,17,1151,472.57,0.0269,2023,9,1,0,37,youtube
YT000195,2023-09-18,Fish Oil,science_explained,small,7602,10488,211,13,28,12,386,138.82,0.0201,2023,9,0,0,38,youtube
YT000196,2023-09-19,Pre-Workout,unboxing,small,8555,11540,255,13,76,27,1088,306.5,0.0221,2023,9,1,0,38,youtube
YT000197,2023-09-27,Whey Protein,science_explained,large,155909,59789,1588,99,294,88,652,259.9,0.0266,2023,9,2,0,39,youtube
YT000198,2023-10-02,Multivitamin,review_completo,large,160081,165564,5479,159,1039,339,1371,708.94,0.0331,2023,10,0,0,40,youtube
YT000199,2023-10-08,Whey Protein,science_explained,medium,91965,28095,661,20,160,47,1465,435.27,0.0236,2023,10,6,1,40,youtube
YT000200,2023-10-20,Whey Protein,tutorial,medium,90813,22196,542,43,68,51,1215,411.58,0.0245,2023,10,4,0,42,youtube
YT000201,2023-10-24,Whey Protein,review_completo,medium,57030,20425,451,28,134,27,319,110.77,0.0221,2023,10,1,0,43,youtube
YT000202,2023-11-01,Vitamin C,review_completo,small,2110,6465,102,5,35,13,1331,404.16,0.0158,2023,11,2,0,44,youtube
YT000203,2023-11-04,Pre-Workout,unboxing,huge,1983896,212263,4024,106,524,307,1301,393.42,0.019,2023,11,5,1,44,youtube
YT000204,2023-11-19,BCAA,review_completo,small,8079,9976,319,9,36,19,1739,719.41,0.032,2023,11,6,1,46,youtube
YT000205,2023-12-08,Fish Oil,science_explained,small,2877,8906,353,14,52,24,1300,613.31,0.0397,2023,12,4,0,49,youtube
YT000206,2023-12-14,BCAA,review_completo,medium,89490,32159,1384,74,253,72,1607,790.87,0.0431,2023,12,3,0,50,youtube
YT000207,2023-12-15,Creatina,tutorial,small,9926,7580,221,8,28,22,1422,602.59,0.0293,2023,12,4,0,50,youtube
YT000208,2023-12-17,Vitamin C,review_completo,large,153191,109747,2344,171,844,281,1562,669.21,0.0214,2023,12,6,1,50,youtube
YT000209,2023-12-25,Pre-Workout,comparison,medium,63519,32630,954,71,207,82,484,220.59,0.0293,2023,12,0,0,52,youtube
YT000210,2023-12-27,Multivitamin,unboxing,small,1194,10645,357,13,49,20,992,468.95,0.0336,2023,12,2,0,52,youtube
YT000211,2023-12-28,Multivitamin,comparison,large,451895,97243,2857,216,736,145,1278,579.42,0.0294,2023,12,3,0,52,youtube
YT000212,2023-12-31,Vitamin C,unboxing,large,161542,59600,1144,64,228,118,1524,463.87,0.0192,2023,12,6,1,52,youtube
YT000213,2024-01-02,Pre-Workout,comparison,medium,46959,26669,595,45,109,48,385,96.53,0.0223,2024,1,1,0,1,youtube
YT000214,2024-01-04,BCAA,unboxing,medium,73916,21540,519,26,129,40,1150,371.75,0.0241,2024,1,3,0,1,youtube
YT000215,2024-01-08,Fish Oil,review_completo,large,119088,119817,3663,114,401,369,1594,623.94,0.0306,2024,1,0,0,2,youtube
YT000216,2024-01-09,Pre-Workout,unboxing,medium,89758,46727,1244,41,290,100,1018,458.59,0.0266,2024,1,1,0,2,youtube
YT000217,2024-01-16,Whey Protein,review_completo,medium,64632,20341,355,17,35,14,380,83.08,0.0175,2024,1,1,0,3,youtube
YT000218,2024-01-26,Vitamin C,comparison,small,6217,9570,193,9,57,21,1575,640.61,0.0202,2024,1,4,0,4,youtube
YT000219,2024-02-08,Multivitamin,comparison,small,9943,11300,214,12,53,10,1139,379.53,0.019,2024,2,3,0,6,youtube
YT000220,2024-02-11,Creatina,tutorial,small,7125,4503,53,4,10,1,1242,220.1,0.0119,2024,2,6,1,6,youtube
YT000221,2024-02-15,Pre-Workout,science_explained,small,3894,5423,69,2,8,3,511,77.38,0.0129,2024,2,3,0,7,youtube
YT000222,2024-02-22,Pre-Workout,science_explained,medium,23679,29791,540,41,177,65,737,222.35,0.0181,2024,2,3,0,8,youtube
YT000223,2024-02-23,Vitamin C,review_completo,medium,67580,36482,884,61,213,96,1562,462.67,0.0242,2024,2,4,0,8,youtube
YT000224,2024-02-26,Vitamin C,comparison,large,255904,115726,3436,93,783,337,1678,562.32,0.0297,2024,2,0,0,9,youtube
YT000225,2024-03-02,Fish Oil,review_completo,small,4415,9803,352,23,57,29,1429,465.86,0.0359,2024,3,5,1,9,youtube
YT000226,2024-03-10,Pre-Workout,science_explained,large,364834,80431,2225,75,705,138,1502,606.02,0.0277,2024,3,6,1,10,youtube
YT000227,2024-03-12,Fish Oil,unboxing,medium,82865,37786,1623,46,191,57,516,276.85,0.043,2024,3,1,0,11,youtube
YT000228,2024-03-13,Whey Protein,review_completo,medium,97980,44847,1916,69,333,93,1498,847.93,0.0427,2024,3,2,0,11,youtube
YT000229,2024-03-15,Multivitamin,review_completo,large,333160,108902,2591,74,537,271,1448,610.82,0.0238,2024,3,4,0,11,youtube
YT000230,2024-03-17,Fish Oil,tutorial,large,364906,73805,2191,80,464,180,1733,666.56,0.0297,2024,3,6,1,11,youtube
YT000231,2024-03-21,Whey Protein,unboxing,medium,47540,35291,1090,78,118,79,1259,405.64,0.0309,2024,3,3,0,12,youtube
YT000232,2024-03-24,Multivitamin,review_completo,medium,14666,31003,762,19,150,53,405,127.47,0.0246,2024,3,6,1,12,youtube
YT000233,2024-04-01,Creatina,comparison,large,267146,89510,1812,58,357,226,1233,461.14,0.0203,2024,4,0,0,14,youtube
YT000234,2024-04-06,Multivitamin,tutorial,large,188054,82743,1889,120,169,111,913,184.34,0.0228,2024,4,5,1,14,youtube
YT000235,2024-04-07,Whey Protein,review_completo,small,4265,10529,186,6,58,16,908,247.08,0.0178,2024,4,6,1,14,youtube
YT000236,2024-04-09,Vitamin C,comparison,huge,1585543,177322,4133,318,827,261,522,149.63,0.0233,2024,4,1,0,15,youtube
YT000237,2024-04-11,Fish Oil,review_completo,medium,68431,27908,448,34,126,22,451,123.28,0.0161,2024,4,3,0,15,youtube
YT000238,2024-04-20,BCAA,unboxing,large,223223,92163,4206,324,1065,232,1091,522.15,0.0456,2024,4,5,1,16,youtube
YT000239,2024-04-22,Multivitamin,science_explained,large,455511,148587,5840,428,1153,623,662,294.8,0.0393,2024,4,0,0,17,youtube
YT000240,2024-04-24,Vitamin C,unboxing,large,350957,131003,6541,429,1364,419,939,503.74,0.0499,2024,4,2,0,17,youtube
YT000241,2024-04-27,Fish Oil,science_explained,medium,31778,38003,938,55,133,43,886,322.47,0.0247,2024,4,5,1,17,youtube
YT000242,2024-05-03,BCAA,review_completo,small,4814,15910,477,12,82,23,315,144.07,0.03,2024,5,4,0,18,youtube
YT000243,2024-05-11,Creatina,comparison,medium,55718,26499,476,13,95,36,353,110.82,0.018,2024,5,5,1,19,youtube
YT000244,2024-05-17,Creatina,science_explained,medium,90826,19227,390,10,58,27,1350,267.31,0.0203,2024,5,4,0,20,youtube
YT000245,2024-05-23,Pre-Workout,tutorial,small,4753,5165,106,3,14,4,1341,343.31,0.0206,2024,5,3,0,21,youtube
YT000246,2024-05-25,BCAA,unboxing,medium,10034,19072,244,8,65,30,1744,345.2,0.0128,2024,5,5,1,21,youtube
YT000247,2024-05-29,Whey Protein,tutorial,medium,89245,14667,279,11,59,15,685,168.36,0.0191,2024,5,2,0,22,youtube
YT000248,2024-06-16,BCAA,science_explained,large,190447,104661,2334,149,728,205,493,205.91,0.0223,2024,6,6,1,24,youtube
YT000249,2024-06-24,Vitamin C,unboxing,small,7917,13288,341,21,40,33,944,388.15,0.0257,2024,6,0,0,26,youtube
YT000250,2024-07-02,Fish Oil,unboxing,large,489657,79997,2828,182,630,161,322,123.81,0.0354,2024,7,1,0,27,youtube
YT000251,2024-07-05,BCAA,comparison,huge,1859828,375491,18125,1178,4070,1161,836,551.61,0.0483,2024,7,4,0,27,youtube
YT000252,2024-07-09,Whey Protein,unboxing,small,6990,22155,1075,22,240,46,395,170.5,0.0486,2024,7,1,0,28,youtube
YT000253,2024-07-18,Fish Oil,science_explained,small,8882,10424,222,15,27,26,380,111.11,0.0214,2024,7,3,0,29,youtube
YT000254,2024-07-24,Multivitamin,comparison,large,153927,90381,3396,86,835,246,1186,439.88,0.0376,2024,7,2,0,30,youtube
YT000255,2024-07-25,Fish Oil,science_explained,medium,83102,36311,897,27,324,91,451,206.13,0.0247,2024,7,3,0,30,youtube
YT000256,2024-07-28,Multivitamin,review_completo,large,421470,69800,1685,50,291,188,854,322.22,0.0241,2024,7,6,1,30,youtube
YT000257,2024-08-05,BCAA,tutorial,medium,39679,27924,823,34,95,35,886,273.4,0.0295,2024,8,0,0,32,youtube
YT000258,2024-08-09,Fish Oil,tutorial,large,159099,56550,871,46,124,100,573,115.45,0.0154,2024,8,4,0,32,youtube
YT000259,2024-08-20,Fish Oil,unboxing,medium,79630,21177,419,9,87,53,1015,275.52,0.0198,2024,8,1,0,34,youtube
YT000260,2024-08-23,Creatina,tutorial,small,2378,5231,71,4,13,7,1750,276.9,0.0136,2024,8,4,0,34,youtube
YT000261,2024-09-04,BCAA,tutorial,small,6990,21400,617,49,181,86,1219,718.12,0.0288,2024,9,2,0,36,youtube
YT000262,2024-09-09,Creatina,unboxing,medium,14980,29229,694,25,152,25,1506,392.92,0.0237,2024,9,0,0,37,youtube
YT000263,2024-09-16,BCAA,tutorial,small,1475,17038,608,45,71,60,1148,481.05,0.0357,2024,9,0,0,38,youtube
YT000264,2024-09-19,Vitamin C,review_completo,medium,42650,52103,1593,102,290,127,1445,710.3,0.0306,2024,9,3,0,38,youtube
YT000265,2024-09-20,Pre-Workout,comparison,medium,72177,33288,1251,25,103,47,1751,707.61,0.0376,2024,9,4,0,38,youtube
YT000266,2024-09-22,Vitamin C,comparison,small,5265,11098,398,25,74,34,1034,485.31,0.0359,2024,9,6,1,38,youtube
YT000267,2024-09-26,Whey Protein,review_completo,large,204979,108724,3910,115,658,160,863,272.42,0.036,2024,9,3,0,39,youtube
YT000268,2024-10-03,Creatina,tutorial,small,7556,5687,98,4,33,9,312,79.74,0.0172,2024,10,3,0,40,youtube
YT000269,2024-10-09,Multivitamin,review_completo,medium,36432,15669,191,8,64,18,1346,270.25,0.0122,2024,10,2,0,41,youtube
YT000270,2024-10-10,BCAA,review_completo,medium,66725,16741,205,5,68,16,1533,309.05,0.0123,2024,10,3,0,41,youtube
YT000271,2024-10-21,Vitamin C,comparison,medium,76793,28355,414,22,109,30,776,239.81,0.0146,2024,10,0,0,43,youtube
YT000272,2024-11-02,Multivitamin,tutorial,small,7822,15700,742,30,127,26,371,163.15,0.0473,2024,11,5,1,44,youtube
YT000273,2024-11-09,BCAA,tutorial,medium,31984,27675,1016,39,200,82,402,193.62,0.0367,2024,11,5,1,45,youtube
YT000274,2024-11-12,Fish Oil,comparison,medium,22350,44122,1573,120,153,91,348,138.42,0.0357,2024,11,1,0,46,youtube
YT000275,2024-11-23,Fish Oil,science_explained,small,5453,9417,235,7,78,30,1012,416.17,0.025,2024,11,5,1,47,youtube
YT000276,2024-12-09,Whey Protein,comparison,small,8336,9962,156,5,22,22,1054,358.65,0.0157,2024,12,0,0,50,youtube
YT000277,2024-12-15,Vitamin C,review_completo,large,397831,95652,1657,129,338,183,1653,497.19,0.0173,2024,12,6,1,50,youtube
YT000278,2024-12-17,Vitamin C,review_completo,medium,74969,25653,630,33,93,57,534,164.61,0.0246,2024,12,1,0,51,youtube
YT000279,2024-12-21,BCAA,review_completo,medium,77623,22646,399,31,56,43,1079,343.4,0.0176,2024,12,5,1,51,youtube
YT000280,2025-01-03,Pre-Workout,review_completo,large,321782,66690,1658,84,237,145,922,409.15,0.0249,2025,1,4,0,1,youtube
YT000281,2025-01-07,Whey Protein,comparison,large,482496,70219,2327,73,548,155,998,360.24,0.0332,2025,1,1,0,2,youtube
YT000282,2025-01-13,Whey Protein,unboxing,small,6610,10864,367,11,39,38,1163,457.35,0.0338,2025,1,0,0,3,youtube
YT000283,2025-01-19,Fish Oil,tutorial,large,488268,78569,1485,82,322,183,484,180.4,0.0189,2025,1,6,1,3,youtube
YT000284,2025-01-20,Fish Oil,review_completo,large,460763,61316,1479,65,428,91,1455,563.52,0.0241,2025,1,0,0,4,youtube
YT000285,2025-01-27,Pre-Workout,comparison,small,5710,4005,49,2,7,5,1035,174.0,0.0125,2025,1,0,0,5,youtube
YT000286,2025-02-07,Fish Oil,unboxing,medium,73126,19796,358,15,39,24,992,249.95,0.0181,2025,2,4,0,6,youtube
YT000287,2025-02-08,Vitamin C,unboxing,small,3177,4846,92,7,16,6,880,173.84,0.019,2025,2,5,1,6,youtube
YT000288,2025-02-15,Pre-Workout,review_completo,large,280651,84875,2242,82,368,173,1718,566.66,0.0264,2025,2,5,1,7,youtube
YT000289,2025-03-17,Pre-Workout,unboxing,small,2376,4851,84,3,22,3,818,208.44,0.0174,2025,3,0,0,12,youtube
YT000290,2025-03-18,Multivitamin,unboxing,medium,14105,20509,431,15,51,28,1302,283.22,0.021,2025,3,1,0,12,youtube
YT000291,2025-03-23,Pre-Workout,science_explained,medium,99843,18325,392,18,71,33,419,103.11,0.0214,2025,3,6,1,12,youtube
